,file_name,free_ener_barr,free_ener_reac,labels,family,EF_la(ESP),EF_la(ESP)$^2$,EF_la(NPA),EF_la(NPA)$^2$,EF_lb(ESP),EF_lb(ESP)$^2$,EF_lb(NPA),EF_lb(NPA)$^2$,EP(ESP),EP(ESP)$^2$,EP(NPA),EP(NPA)$^2$,E_p(LA),E_p(LA)$^2$,E_p(LB),E_p(LB)$^2$,FEHA,FEHA$^2$,FEPA,FEPA$^2$,Mw,Mw$^2$,d,d$^2$,q_la(ESP),q_la(ESP)$^2$,q_la(NPA),q_la(NPA)$^2$,q_lb(ESP),q_lb(ESP)$^2$,q_lb(NPA),q_lb(NPA)$^2$,Φ,Φ$^2$,γ,γ$^2$,λ,λ$^2$
0,4meborinane_dimethylaniline.log,11.44144995,6.7,52,II,0.020381977092925593,0.00041542499021654365,0.09505016225590758,0.009034533344874357,-0.014044926138491537,0.00019725995023568279,-0.03663537557274649,0.00134215074335619,-0.015448241325117327,0.00023864816003906275,-0.1879173100533995,0.03531291541770548,0.15261,0.023289812099999998,-0.31634,0.1000709956,-39.02227674,1522.7380819731452,-189.2726436,35824.13361533263,257.228,66166.243984,3.0745958388986674,9.453139572573,0.291064,0.084718252096,1.35736,1.8424261695999997,-0.200568,0.040227522624,-0.52317,0.2737068489,78.09812617021917,6099.317311299473,85.69872779487179,7344.27194565953,120.2311713339254,14455.534560327726
1,4meborinane_metriazole.log,25.47194604,4.9,35,I,0.008852598186304657,7.83684946481645e-05,0.07972530603137036,0.0063561244217956595,-0.009102152044210667,8.284917183592843e-05,-0.017391049799322766,0.00030244861312252446,-0.0048276298337016285,2.3306009811246013e-05,-0.0830694085001171,0.006900526628559327,0.11135,0.012398822500000002,-0.47118,0.22201059239999998,-46.47395799,2159.828771256285,-187.1127542,35011.182784309625,219.139,48021.901321000005,2.587192332376161,6.693564164706001,0.135545,0.018372447025,1.2207,1.4901084899999997,-0.139366,0.019422881955999997,-0.26628,0.07090503840000001,90.07096172319267,8112.778145740838,64.86316732512068,4207.230475446604,108.55493402154018,11784.17370042094
2,bicyclo_biphenylene.log,20.58364314,16.1,88,V,0.02002431676839709,0.00040097326204110886,0.06807201317521781,0.0046337989777270275,-0.012754304910654247,0.00016267229375393905,-0.03085344357932994,0.0009519349807028958,-0.01771140411146077,0.00031369383559946953,-0.14565008013812777,0.02121394584424304,0.12385,0.0153388225,-0.33148,0.1098789904,-42.63736185,1817.9446255278353,-187.7139088,35236.51155697472,315.26699999999994,99393.28128899996,3.948278798059858,15.588905467208997,0.338,0.11424400000000001,1.14902,1.3202469603999998,-0.215286,0.046348061796000005,-0.52079,0.27122222409999996,37.65874109327106,1418.1807807300224,49.701147775894896,2470.2040902413423,100.3331599521135,10066.742985976392
3,bicyclo_dibenzofuran.log,57.30803838,33.9,112,VIII,0.026669276668164436,0.0007112503180031,0.070010923929607,0.004901529469477219,-0.025014761871898685,0.0006257383115077963,-0.03414903645135761,0.001166156690556151,-0.04315109733115569,0.0018620172008828719,-0.15464237028000458,0.023914262685818043,0.11946,0.0142706916,-0.33748,0.1138927504,-42.79549437,1831.4543383727016,-183.6507815,33727.60954556074,331.266,109737.16275600002,5.564600636814201,30.964780247233012,0.429735,0.184672170225,1.12812,1.2726547344,-0.403075,0.162469455625,-0.55026,0.3027860676,120.17048783672712,14440.94614691698,6.876479171248676,47.285965792616885,120.52881708952206,14527.195748999466
4,bicyclo_dimethylaniline.log,18.70989828,12.7,56,II,0.01839261120736511,0.00033828814702529267,0.07662271097399667,0.00587103983700463,-0.01527154477152951,0.00023322007970883032,-0.03385282680573519,0.001146013882739103,-0.017251432014636785,0.000297611906555635,-0.15931301020068345,0.025380635219203068,0.12039,0.0144937521,-0.32266,0.1041094756,-37.54825575,1409.8715098674083,-189.7137832,35991.3195360566,241.185,58170.204225,3.0229223261304616,9.138059389818,0.286314,0.08197570659600001,1.19277,1.4227002729000002,-0.237729,0.056515077441,-0.52698,0.27770792040000003,60.6079642501687,3673.325330549727,69.47361872026,4826.583698088061,124.5813371144577,15520.509557226154
5,bicyclo_metriazole.log,31.30465149,9.9,39,I,0.005485138930691533,3.0086749088987853e-05,0.06606488292442024,0.004364568755817353,-0.016880982002273438,0.00028496755336107973,-0.014980843316817916,0.00022442566648304802,-0.005945586340337131,3.534999693040348e-05,-0.06355010650771235,0.004038616037141584,0.10527,0.0110817729,-0.47346,0.2241643716,-39.09255786,1528.2280800374476,-186.3503296,34726.44534202864,203.09599999999998,41247.98521599999,2.5809146489725303,6.661120425280999,0.087955,0.007736082025000001,1.05936,1.1222436096000001,-0.270689,0.07327253472100001,-0.24022,0.0577056484,45.37472883493011,2058.866016843438,7.863510144137763,61.8347917869575,135.16627151091998,18269.92095416374
6,bicyclo_naphtoxanthene.log,32.81820561,24.0,101,VI,0.020697850751766386,0.00042840102574239635,0.04810667013573935,0.002314251711548836,-0.006452294247981902,4.163210106254034e-05,-0.021547974166505984,0.00046431519068040926,-0.01682206530658954,0.0002829818811791634,-0.13057247675788589,0.01704917168668865,0.11938,0.0142515844,-0.34735,0.1206520225,-40.62242724,1650.181594869094,-193.3000028,37364.891082480004,405.348,164307.00110400002,4.6438644983251836,21.565477478805008,0.520098,0.27050192960399994,1.20883,1.4612699689000002,-0.162134,0.026287433956,-0.54146,0.2931789316000001,22.932769002696304,525.9118941310285,36.24883954508866,1313.9783683655833,74.40646042713941,5536.321353295462
7,bicyclo_xanthene.log,23.40241806,19.1,95,VI,0.023112604032345895,0.0005341924651560118,0.0646212845404652,0.004175910415659767,-0.004953111210999174,2.453331066852571e-05,-0.027973275272410142,0.0007825041294660327,-0.009591734685241054,9.20013742720563e-05,-0.15145691442994785,0.022939196928640545,0.12463,0.0155326369,-0.33084,0.10945510560000002,-38.60247255,1490.1508869735037,-192.7929747,37169.13109367484,373.347,139387.982409,4.255981482099752,18.113378375976005,0.44255,0.1958505025,1.23734,1.5310102756000004,-0.09484,0.008994625599999998,-0.53562,0.2868887844,11.756878268512471,138.2241866206208,20.74673022360838,430.4268149711855,56.65192939302213,3209.4411039519646
8,borole_dimethylaniline.log,13.52101809,2.3,41,II,0.04244451276400284,0.0018015366637735997,0.05165443276607425,0.0026681804243848853,-0.02086726183333043,0.0004354426164207689,-0.03195044398648446,0.0010208308709334808,-0.05694832995663406,0.0032431122848496645,-0.10611541308699945,0.011260480894624536,0.08453,0.007145320899999999,-0.31818,0.10123851240000001,-48.67902813,2369.647779681331,-188.2510573,35438.460574567885,183.061,33511.329721,3.011896173241203,9.071518558385002,0.681215,0.464053876225,0.82903,0.6872907409000001,-0.33491,0.1121647081,-0.51279,0.26295358409999997,126.97147656583437,16121.755861308226,57.95546283551027,3358.835672478212,132.42844933495797,17537.294193261532
9,ccl3_metriazole.log,13.36163055,-25.1,30,I,0.055559789511060775,0.003086890210513379,0.09548534768088598,0.00911745162173968,-0.027783092523369666,0.0007719002301621195,-0.021927832020364007,0.00048082981711330107,-0.05001448748704558,0.002501448958591839,-0.06784019307438002,0.0046022917963691595,0.00251,6.3001e-06,-0.49151,0.2415820801,-86.32084299,7451.287934504233,-188.574225,35560.23833435063,329.618,108648.025924,2.566410263588813,6.586461641054,0.564673,0.31885559692899995,0.97045,0.9417732025000001,-0.282369,0.079732252161,-0.22286,0.0496665796,104.87099870930383,10997.926370286807,78.89572532145836,6224.535473999005,144.97817659761685,21018.67168956978
10,cf3_benzopiperidine.log,27.17689071,-9.2,73,II,-0.005177576433550326,2.6807297725255717e-05,0.02784203795335355,0.0007751790773959795,-0.008488496594286883,7.205457443122002e-05,-0.03262227449409539,0.0010642127931681066,0.002888491819440334,8.343384990973732e-06,-0.05969378308998711,0.003563347739594431,0.09391,0.008819088099999999,-0.42398,0.17975904040000001,-66.5486304,4428.720208115803,-163.0282929,26578.22428588819,309.06241897799987,95519.57882453273,1.7278106932864492,2.9853297918350004,-0.084321,0.007110031040999999,0.45343,0.2055987649,-0.138242,0.019110850564,-0.53128,0.2822584384,47.19858651943649,2227.706569432732,0.536392358548786,0.28771676230952936,47.19913159386148,2227.758023214653
11,cf3_dibenzofuran.log,34.49114727,-11.5,110,VIII,0.008795204040829448,7.735561411982266e-05,0.04514238871416184,0.0020378352588204863,-0.02360378270555135,0.000557138558010885,-0.03404536795159113,0.0011590870789592285,-0.013337810090057219,0.00017789717799843215,-0.09874146597456115,0.009749877102805418,0.00909,8.262810000000002e-05,-0.33301,0.11089566009999999,-89.58703254,8025.836399323018,-184.5343156,34052.91363396041,359.0784189779999,128937.31097574002,5.604062657961186,31.405518274354993,0.141086,0.019905259395999998,0.72414,0.5243787396,-0.378634,0.143363705956,-0.54613,0.2982579769,126.06702148817313,15892.893906899504,6.568596270396864,43.14645696347159,126.43856290220756,15986.7101887755
12,cf3_metriazole.log,14.36752908,-25.5,37,I,0.0003273110699424196,1.0713253650685149e-07,0.05589544726222112,0.0031243010246437427,-0.02256927577325069,0.0005093722089290405,-0.01665566237037547,0.00027741108899594145,-0.00029638428600557064,8.784364499103189e-08,-0.0373521152825911,0.0013951805160839757,0.00842,7.089640000000001e-05,-0.50602,0.2560562404,-87.97997943,7740.476780503223,-169.6824089,28792.119890106802,230.90841897800001,53318.6979549196,2.536595242601586,6.434315424788999,0.003836,1.4714896e-05,0.65508,0.4291298064,-0.264506,0.069963424036,-0.1952,0.038103040000000005,89.72408031097548,8050.410587650378,89.65667050530612,8038.318566097029,152.95078246226643,23393.94185581955
13,cl_benzopiperidine.log,16.73073174,-6.5,69,II,0.026728545264004755,0.000714415131929951,0.038662206288854944,0.0014947661951219748,-0.03507788470166624,0.0012304579951433906,-0.03580091800090289,0.0012817057297073726,-0.05648081974262955,0.003190082998799412,-0.08338214618611345,0.006952582302602393,-0.03203,0.0010259209000000001,-0.32871,0.1080502641,-62.54448909,3911.813115529129,-188.7863234,35640.275902889385,241.95,58539.8025,2.990221904141731,8.941427036009,0.410743,0.168709812049,0.59413,0.3529904569000001,-0.539049,0.290573824401,-0.55016,0.30267602559999995,61.67683491108512,3804.0319646492485,73.83048703052317,5450.94081516425,116.96942899632487,13681.847319726285
14,cl_biphenylene.log,19.49491329,-2.3,86,V,0.025547580244028974,0.0006526788563250995,0.033493538580770296,0.0011218171266615482,-0.010063160480166769,0.00010126719884959028,-0.03137853474548874,0.000984612442773844,-0.018476798057939094,0.0003413920664738619,-0.07553291310683195,0.005705220962404226,-0.08174,0.006681427599999999,-0.3318,0.11009123999999999,-66.46517157,4417.619031829536,-187.6643355,35217.902818656556,275.967,76157.785089,3.981183515924504,15.849822187468996,0.441616,0.19502469145600002,0.57897,0.3352062609,-0.173952,0.030259298304,-0.54241,0.29420860809999994,30.777538327113735,947.2568654769549,40.31496913519453,1625.2967363716878,99.80642448589865,9961.322368659388
15,cl_dibenzofuran.log,52.5025668,12.1,108,VIII,0.02714226506481401,0.0007367025528486231,0.03532204589743261,0.001247646926380336,-0.02583712126886102,0.0006675568354618306,-0.03346299085019932,0.0011197717566405233,-0.04612121574311667,0.0021271665416231133,-0.077735812256582,0.006042856507190563,-0.04591,0.0021077281,-0.33162,0.10997182440000002,-28.5403497,814.5515609982901,-185.1630806,34285.36641728209,291.966,85244.145156,5.619016435031401,31.573345697152998,0.442235,0.19557179522499998,0.57551,0.3312117601,-0.42097,0.1772157409,-0.54522,0.29726484840000006,145.04236491552263,21037.28762028763,19.002195536258686,361.08343519820954,150.23302769445291,22569.962610242255
16,cl_dimethylaniline.log,18.08050575,-4.1,46,II,0.026169584820121536,0.0006848471696575356,0.03888602181966257,0.0015121226929592732,-0.019036902725371598,0.00036240366537526055,-0.03352153874801918,0.0011236935600349512,-0.029073165839861432,0.0008452489719520857,-0.07607056881865293,0.005786731440393411,-0.03174,0.0010074275999999997,-0.31633,0.1000646689,-61.77641685,3816.3256788249637,-185.4529903,34392.811611211895,201.885,40757.553224999996,3.0322916368492656,9.194792570905998,0.393728,0.155021737984,0.58505,0.34228350249999995,-0.286415,0.08203355222499999,-0.50434,0.2543588356,123.44906316407086,15239.671196086758,64.6225556590228,4176.074699903499,124.52312387145244,15506.008378705088
17,cl_indole.log,46.18730616,19.4,4,I,0.22937569603497027,0.05261320993152707,0.32412414701893333,0.10505646268075111,-0.08997907116899967,0.008096233248435907,-0.23608430084068785,0.05573579710343641,-0.04383140251549287,0.0019211918464751546,-0.16250807929955166,0.02640887583762937,-0.03743,0.0014010048999999998,-0.3086,0.09523395999999999,-66.24679809,4388.638257177227,-164.7401402,27139.31379311566,225.90699999999998,51033.97264899999,2.630933623640285,6.921811732001,0.378976,0.143622808576,0.53552,0.2867816704,-0.148664,0.022100984895999997,-0.39006,0.15214680360000002,1.3742854312425272,1.888660446525459,1.3742993424249619,1.8886986825896825,179.48437109750017,32214.639468265155
18,cl_metriazole.log,30.34832625,-3.7,19,I,0.022702582911216938,0.0005154072708406794,0.046718207684694306,0.00218259092927023,-0.030217785378802146,0.0009131145531993488,-0.019296334337056215,0.0003723485188474547,-0.027351318010131413,0.000748094596891339,-0.03594192590933068,0.001291822038071816,-0.03909,0.0015280280999999999,-0.49088,0.24096317439999998,-65.68203909,4314.130259020289,-178.3614997,31812.8245752331,163.796,26829.129616,2.5642234611948314,6.575241958942001,0.264953,0.070200092209,0.54523,0.29727575289999997,-0.35266,0.12436907559999998,-0.2252,0.05071504,89.31844518394693,7977.784650077733,89.17932614660594,7952.9522119627145,153.27808808583703,23494.172287249614
19,cl_naphthalene.log,41.38246209,20.4,77,III,0.037053278144613414,0.001372945421262086,0.06986590648772173,0.004881244889351077,-0.01702895792673853,0.00028998540807063103,-0.06875224459340268,0.004726871136631068,-0.014933055907074314,0.00022299615872380706,-0.11368054884354033,0.012923267185368558,0.06526,0.0042588676,-0.46201,0.21345324009999997,-37.57774872,1412.0871988634617,-163.4468421,26714.87019246233,251.945,63476.283025,1.7025186973545985,2.8985699148419988,0.305433,0.093289317489,0.57591,0.3316723281,-0.140371,0.019704017641,-0.56673,0.32118289289999996,15.566467560810787,242.31491232177456,3.061597798408633,9.373381079220588,15.572030663948205,242.48813899894316
20,cl_naphtoxanthene.log,28.31268381,0.2,98,VI,0.023140875018563094,0.0005355000966247575,0.026713055127469628,0.0007135873142432314,-0.008484245798749995,7.198242677360694e-05,-0.024642440619710444,0.0006072498796959552,-0.019732370293846148,0.00038936643741346194,-0.06615969844560357,0.0043771056984132,-0.07823,0.006119932899999999,-0.33254,0.1105828516,-65.71153206,4318.005445672407,-191.5869005,36705.54044319691,366.048,133991.138304,4.716826455816347,22.248451814288998,0.500231,0.250231053361,0.57745,0.3334485025,-0.183402,0.033636293604,-0.53269,0.2837586361,153.06933058053247,23430.219964372332,23.64493937766451,559.0831581734298,109.87133077562905,12071.70932640769
21,cl_nmeimidazole.log,29.12593677,-6.3,6,I,0.02620405618351072,0.0006866525604685864,0.04513798604326774,0.0020374377840422335,-0.05135025858175349,0.002636849056412948,-0.03896826331668944,0.001518525545918844,-0.05748700795184157,0.003304756083255096,-0.07514702252342775,0.005647074994136558,-0.02848,0.0008111103999999999,-0.45552,0.2074984704,-59.07435879,3489.77986644965,-189.3673976,35860.01127379649,162.808,26506.444863999997,2.573396103449292,6.6223675052479996,0.320239,0.102553017121,0.55163,0.30429565689999993,-0.62755,0.39381900250000007,-0.47623,0.22679501289999998,88.5906881396206,7848.310025051514,88.33296220784602,7802.712212412754,150.59616468635147,22679.204818238693
22,cl_quinoline.log,17.84330697,-4.8,63,II,0.298693817457663,0.0892179965874317,0.386592994197856,0.1494541431628635,-0.38016320554978905,0.14452406285389116,-0.2906052120393906,0.08445138926445918,-0.2300598299505616,0.05292752535688132,-0.2276155134863167,0.05180882197963962,-0.02638,0.0006959044,-0.43149,0.18618362009999997,-63.96768177,4091.86431102799,-188.069707,35370.21469106585,209.86399999999998,44042.89849599999,2.8671232076508324,8.220395487849999,0.478251,0.22872401900099998,0.61899,0.38314862010000006,-0.608695,0.37050960302499997,-0.4653,0.21650408999999998,107.61228724703801,11580.40436653902,3.5753552988164756,12.78316551277505,72.42575928130424,5245.490607473427
23,cl_xanthene.log,19.15480287,-0.8,93,VI,0.020416747584234195,0.0004168435819183328,0.027042860553690186,0.0007313163069263326,-0.018542900630955015,0.00034383916380947187,-0.023798327178800906,0.0005663603765092539,-0.039865174081997905,0.0015892321045879974,-0.06776859689961413,0.00459258272574239,-0.03186,0.0010150596,-0.33868,0.11470414239999999,-65.6889417,4315.037061665999,-193.6790188,37511.56232333075,334.047,111587.39820900002,4.391867450252114,19.28849970058401,0.455274,0.207274415076,0.60303,0.3636451808999999,-0.413489,0.170973153121,-0.53068,0.2816212624,59.20468846008069,3505.1951356552113,9.813311646167941,96.30108546481534,59.44423109408896,3533.616610367453
24,cn_metriazole.log,21.14840214,-20.4,31,I,0.01951813690401168,0.00038095766820374263,0.04516714458048209,0.002040070949554173,-0.024622183842823754,0.0006062519371898111,-0.016675807219857366,0.00027808254643384704,-0.019739721932673742,0.0003896566219792808,-0.030937527524260957,0.0009571306093144043,0.01607,0.0002582449,-0.50896,0.2590402816,-85.82887515,7366.595809514288,-168.8854712,28522.302382446032,144.932,21005.284623999996,2.5459848754482026,6.482038986011,0.232357,0.053989775449,0.5377,0.28912129,-0.293119,0.08591874816100001,-0.19852,0.0394101904,87.81647490669299,7711.733265037839,87.56535128840497,7667.6907462617655,153.11989311562928,23445.701667741734
25,cooh_metriazole.log,21.13208688,-19.0,36,I,0.011058306682844174,0.00012228614669183613,0.051636441049349245,0.0026663220442429197,-0.024437166169918364,0.0005971750904162025,-0.017846287554919123,0.0003184899794928612,-0.011167732557758912,0.0001247182504816284,-0.038082874446706085,0.0014503053261235794,0.04635,0.0021483225000000004,-0.49578,0.2457978084,-71.65969935,5135.11251093239,-176.558036,31172.74007617729,182.93,33463.384900000005,2.5488634282136418,6.496704775684998,0.132182,0.017472081123999998,0.61722,0.3809605284,-0.292102,0.08532357840399998,-0.21332,0.0455054224,91.36600397004932,8347.746681455068,88.77865461645436,7881.649515507694,152.58499687589742,23282.181271617625
26,cyclo5_dimethylaniline.log,18.50721255,12.7,57,II,0.02859502550465037,0.0008176754836116051,0.07178205517260436,0.005152663444802816,-0.02304410676136689,0.0005310308564292753,-0.03867810733199728,0.0014959959867855018,-0.03382460705146523,0.001144104042186031,-0.14251595774381626,0.02031079821163722,0.09514,0.0090516196,-0.32342,0.10460049639999999,-34.0122369,1156.8322589417214,-189.8016346,36024.660496831915,187.093,35003.790648999995,3.022792711957768,9.137275779465,0.394953,0.155987872209,0.99145,0.9829731025000001,-0.318284,0.10130470465600001,-0.53422,0.28539100840000003,57.747984899129754,3334.8297599101184,61.33587521460409,3762.089588341484,133.04050685218206,17699.7764634855
27,cyclo_biphenylene.log,23.16961185,18.5,85,V,0.028142626458462265,0.0007920074239805403,0.06078275156076528,0.003694542887297714,-0.0135608455395115,0.00018389653174648895,-0.033254032073543556,0.0011058306491482635,-0.026614002451455215,0.0007083051264860641,-0.14095596673016877,0.019868584556836447,0.03806,0.0014485635999999997,-0.33288,0.1108090944,-38.66898861,1495.2906801203096,-186.8956357,34929.978643707116,275.20199999999994,75736.14080399997,3.8799552223068248,15.054052527106002,0.476801,0.22733919360099997,1.0298,1.06048804,-0.229752,0.052785981504000004,-0.5634,0.31741956,27.81628752953069,773.7458519255246,33.74120423385705,1138.4688631508527,84.3670912621833,7117.806088041565
28,cyclo_dibenzofuran.log,58.86677322,35.5,111,VIII,0.03335261561718238,0.0011123969685075178,0.06572638321858434,0.004319957450996206,-0.026618733211181158,0.0007085569577680388,-0.036654905174319255,0.0013435820733383366,-0.05123613024104398,0.0026251410420772216,-0.13903715547997836,0.019331330603963675,0.05874,0.0034503876000000003,-0.37346,0.1394723716,-40.17124755,1613.7291297233808,-185.9349179,34571.79369447973,291.2009999999999,84798.02240099995,5.574281429657638,31.072613457026005,0.498084,0.24808767105600002,0.98155,0.9634404025000001,-0.397521,0.158022945441,-0.5474,0.29964676,124.20222816078079,15426.19348010265,10.843459534974725,117.58061468663428,125.18277491228578,15670.727134740006
29,cyclo_dimethylaniline.log,16.10384925,11.2,55,II,0.025241311786230253,0.0006371238206896863,0.07549537588038094,0.005699551779320004,-0.01687867710273935,0.0002848897407385376,-0.037822767490867104,0.0014305617406681936,-0.021964323826143335,0.0004824315211396878,-0.1472113062640783,0.02167116869197626,0.09945,0.0098903025,-0.31392,0.09854576639999998,-35.57787435,1265.7851432643881,-188.608738,35573.25604995264,201.12000000000003,40449.25440000001,3.017965040181546,9.108112983758,0.349642,0.122249528164,1.04576,1.0936139776,-0.233803,0.054663842809,-0.52392,0.27449216640000007,57.33820123942039,3287.66932137227,64.91270515569433,4213.659290630105,124.11098794794523,15403.537329415007
30,cyclo_metriazole.log,32.81632308,11.9,32,I,0.012883625319003156,0.00016598780136045917,0.06709026186340271,0.004501103236899948,-0.020208415397575088,0.0004083800528809499,-0.017866679460955222,0.00031921823496051916,-0.013428431520776893,0.00018032277310819442,-0.06182416721648626,0.0038222276520120542,0.09196,0.0084566416,-0.47303,0.2237573809,-39.03168939,1523.4727766374383,-186.2003547,34670.57209040581,163.031,26579.106961,2.584998253754923,6.682215971916001,0.178515,0.031867605225000005,0.9296,0.86415616,-0.280007,0.078403920049,-0.24756,0.0612859536,81.07005711414412,6572.3541604905895,69.32153668134501,4805.475447863061,118.89481855450262,14135.9778791081
31,cyclo_xanthene.log,25.22658963,22.0,92,VI,0.03274134308222539,0.0010719955468279886,0.0695580006301196,0.004838315451659719,-0.003664128622297207,1.3425838560737627e-05,-0.03551186576122364,0.001261092609843168,-0.007042912029780574,4.960260985922793e-05,-0.1450125679722779,0.02102864486991452,0.05966,0.0035593155999999997,-1.02391,1.0483916881000002,-34.38748788,1182.4993226971471,-191.209767,36561.17499619429,333.28199999999987,111076.89152399992,4.194080900121145,17.590314596760997,0.494561,0.24459058272099998,1.05068,1.1039284624,-0.055347,0.003063290409,-0.53641,0.28773568810000005,6.184560699082522,38.24879104063609,7.765787548496007,60.30745624837563,67.39384553446084,4541.930415922767
32,ethy_dimethylaniline.log,16.92588735,-0.7,44,II,0.04400533996149998,0.0019364699451271871,0.04125984878255687,0.0017023751215594594,-0.021475765257870774,0.00046120849341116935,-0.03330689620926606,0.0011093493350948218,-0.05509970370268808,0.003035977348124019,-0.08012296834780416,0.006419690056863228,0.0758,0.005745640000000001,-0.31244,0.0976187536,-52.81494654,2789.418578023058,-191.1727439,36547.018010254986,181.04500000000002,32777.292025,3.0395196140201164,9.238679484012998,0.661661,0.43779527892100006,0.62038,0.38487134440000004,-0.322908,0.10426957646399998,-0.5008,0.25080064,126.34865198410974,15963.981858201678,58.32068446577048,3401.3022365559627,132.48826040253005,17553.13914448861
33,ethy_metriazole.log,30.27804513,-1.6,18,I,0.04115894435591595,0.0016940587004933855,0.05125648667122675,0.002627227425877646,-0.028960819660376624,0.0008387290754008572,-0.019335755475073556,0.000373871439791837,-0.04814475570729041,0.002317917502114673,-0.04002984333832751,0.0016023883576910432,0.07039,0.004954752099999999,-0.48209,0.23241076810000003,-56.54486598,3197.321868696161,-184.34167,33981.851298388894,142.95600000000002,20436.417936000005,2.5767078941482677,6.639423571766001,0.484522,0.234761568484,0.60339,0.36407949209999996,-0.340926,0.116230537476,-0.22762,0.0518108644,89.3473107668194,7982.941941262603,89.29799108986323,7974.131212685293,153.87819171167718,23678.497884455675
34,f_benzopiperidine.log,20.90555577,13.6,70,II,0.058032926578723956,0.0033678205672915654,0.08310430191232998,0.006906324996335693,-0.042694365430752834,0.0018228088395346627,-0.03612026620051717,0.0013046736303962232,-0.14793786959124605,0.021885613259196524,-0.17922920272455514,0.03212310710927969,0.04169,0.0017380560999999998,-0.32888,0.1081620544,-42.69634779,1822.9781146046375,-169.9635334,28887.60268581291,209.04680632600002,43700.56723510016,3.0184256932561717,9.110893665709002,0.886538,0.785949625444,1.26954,1.6117318115999997,-0.652219,0.425389623961,-0.55179,0.3044722041,52.80620930955505,2788.4957416445386,51.981850185290256,2702.1127486859605,140.53839679309095,19751.04097317228
35,f_biphenylene.log,23.63773431,11.2,87,V,0.05176092414922842,0.002679193268782178,0.07451959331925195,0.0055531697884667,-0.019682510681271633,0.00038740122671837194,-0.029920456965760494,0.0008952337450399256,-0.07171552295449896,0.005143116232637267,-0.1569529021186632,0.02463421348347067,0.0394,0.0015523599999999998,-0.32616,0.10638034560000001,-45.45613677,2066.260370052946,-191.1633313,36543.41923371356,243.06380632600002,59080.01394568325,3.9966189891764765,15.972963344646,0.882448,0.7787144727040001,1.27045,1.6140432025000002,-0.335558,0.11259917136400001,-0.5101,0.26020201,34.13386346503284,1165.1206350495036,33.84837293235597,1145.7123501678484,120.06054868400108,14414.535350303393
36,f_clmetriazole.log,35.48826066,12.1,23,I,0.06465045056978355,0.004179680758876026,0.10741882735373226,0.011538804470050939,-0.025936804382453268,0.0006727178215736471,-0.019020466222672783,0.0003617781353278362,-0.06671395189269738,0.0044507513771411406,-0.08128870594616647,0.00660785371440232,0.03293,0.0010843849,-0.49797,0.2479741209,-49.56318972,2456.5097752207134,-174.1942058,30343.62133429275,165.33480632599998,27335.598182855923,2.5527207410801913,6.516383181941001,0.753455,0.567694437025,1.25189,1.5672285720999999,-0.302275,0.09137017562500001,-0.22167,0.0491375889,90.45618490933443,8182.321388351701,89.45421441209956,8002.056476085881,154.31060985853725,23811.764314913693
37,f_cnmetriazole.log,35.43554982,11.2,25,I,0.06692865128906779,0.004479444363373636,0.1078498411122981,0.011631588227947947,-0.02493827194012607,0.0006219174073596792,-0.019433480172690126,0.0003776601516223402,-0.0662330246332339,0.0043868135520665685,-0.08316991346308769,0.006917234505457495,0.02449,0.0005997601000000001,-0.50987,0.2599674169,-56.06607585,3143.404861217953,-167.5325597,28067.158559634066,155.902806326,24305.685020322264,2.561618946862511,6.561891628924999,0.778651,0.606297379801,1.25473,1.5743473728999997,-0.290133,0.08417715768899998,-0.22609,0.05111668810000001,91.01402466705237,8283.552686094818,88.86615980519835,7897.194358523051,154.3792149643047,23832.942012995
38,f_dibenzofuran.log,59.06757642,29.7,105,VIII,0.05466955147500056,0.002988759858477736,0.07778502876361948,0.00605051069975711,-0.02407441710503183,0.0005795775589470492,-0.03339540520368182,0.0011152530887180987,-0.08684809575643447,0.007542591736518811,-0.17141220553768674,0.029382144207294163,0.03264,0.0010653696000000002,-0.33083,0.1094484889,-46.74629733,2185.216314064765,-186.9376789,34945.69579251951,259.06280632600004,67113.5376215026,5.584725893830869,31.189163309224995,0.892726,0.796959711076,1.27019,1.6133826360999999,-0.393123,0.154545693129,-0.54533,0.29738480889999996,146.49413438926044,21460.531410458698,18.387406438627387,338.0967155392759,151.5909858324051,22979.826985640444
39,f_dimethylaniline.log,21.97232277,8.9,48,II,0.056397194691019704,0.003180643569016781,0.08417672523167852,0.007085721070729503,-0.024727137643835318,0.0006114313360571777,-0.03385609903634538,0.0011462354419588265,-0.08122823131610726,0.006598025562743029,-0.16599866344993638,0.027555556267165247,0.04341,0.0018844280999999997,-0.31649,0.1001659201,-42.78796425,1830.8098846592782,-187.2062532,35046.18123718251,168.98180632600003,28554.850869197784,3.038985659104202,9.235433836241002,0.847438,0.718151163844,1.26486,1.5998708196000002,-0.371556,0.138053861136,-0.50873,0.2588062129,132.86821999055132,17653.96388345754,48.588369664478535,2360.8296666520177,140.39565890472807,19710.94103929275
40,f_dimetriazole.log,35.72483193,10.6,21,I,0.0688851299404724,0.0047451611269157664,0.11150702687682629,0.01243381704290926,-0.026593772424754976,0.0007072287317796581,-0.020785569459322036,0.00043203989774830094,-0.06860774161595472,0.004707022209641605,-0.08680242484151908,0.007534660958367569,0.03942,0.0015539363999999998,-0.48521,0.23542874409999998,-45.37769802,2059.135477594312,-180.8702847,32714.059887459058,144.91980632599999,21001.750265565344,2.545480371625953,6.479470322333,0.771088,0.594576703744,1.24819,1.5579782760999998,-0.297686,0.088616954596,-0.23267,0.054135328899999995,90.4763496302152,8185.969842408941,89.4932684718889,8009.045101781583,154.04709381940194,23730.50711420362
41,f_fmetriazole.log,35.97897348,12.5,27,I,0.0692734686879438,0.00479881346405953,0.10696553911774512,0.01144162655874986,-0.023259432070416117,0.0005410011802383018,-0.018888297447581588,0.00035676778046831717,-0.06400074650528459,0.004096095553233698,-0.0802519689923379,0.006440378527147164,0.03218,0.0010355524,-0.49914,0.24914073959999997,-49.35297387,2435.716029812903,-173.3018866,30033.543899119257,148.883209489,22166.21006774546,2.56737598806661,6.591419464101002,0.806454,0.650368054116,1.24525,1.5506475625,-0.270777,0.073320183729,-0.21989,0.048351612100000003,90.60418789179106,8209.118863530977,89.33125057074842,7980.072328533841,153.9140938079493,23689.548272722222
42,f_indenoPy.log,22.84958175,8.8,81,IV,0.06501995164602148,0.004227594112050971,0.08843848520996177,0.007821365666232627,-0.037248209859031184,0.001387429137702428,-0.032102809675774106,0.0010305903890789755,-0.1380977342202754,0.019070984196773826,-0.1618895607825364,0.02620822989036255,0.05711,0.0032615521,-0.43681,0.19080297609999997,-42.84381264,1835.592281531424,-193.6564285,37502.81229937561,215.009806326,46229.21681634402,2.872288396007267,8.250040629837999,0.963244,0.927839003536,1.31018,1.7165716323999998,-0.551817,0.30450200148900003,-0.47559,0.2261858481,13.536606224595268,183.23970807975135,70.22081336959099,4930.962630286928,16.43795490120274,270.20636133397517
43,f_metriazolamine.log,37.31431476,10.3,29,I,0.06790335935028934,0.004610866211054526,0.11148788454559447,0.012429548400451802,-0.025695194254310123,0.000660243007766732,-0.019699153921602035,0.00038805666522696885,-0.06403397126028404,0.004100349475362882,-0.08060138779306272,0.006496583714167681,0.0394,0.0015523599999999998,-0.48135,0.2316978225,-44.91271311,2017.1517989011656,-182.0261581,33133.522232646195,145.907806326,21289.08794686553,2.564711204668471,6.577743563352,0.749899,0.562348510201,1.23123,1.5159273129000002,-0.283768,0.08052427782400001,-0.21755,0.047328002499999994,91.6792442392146,8405.083824273563,87.78132881213753,7705.561688024606,151.16261833557627,22850.137182067097
44,f_metriazole.log,35.79636807,10.0,20,I,0.06469257098974192,0.0041851287412627974,0.10825419618393407,0.011718970991429687,-0.0273625571400639,0.0007487095332432619,-0.020452379072547572,0.00041829980972718186,-0.06933172742612645,0.004806888427890695,-0.08671804960987615,0.007520020128140942,0.03772,0.0014227983999999998,-0.49068,0.2407668624,-46.67601621,2178.6504892361827,-177.2332368,31411.620226604868,130.89280632600003,17132.92674789575,2.562845782996121,6.568178507421001,0.746108,0.556677147664,1.24851,1.5587772201,-0.315576,0.09958821177600001,-0.23588,0.055639374400000004,89.27524061671838,7970.068587172963,89.19309055666876,7955.407403050114,153.63743552176948,23604.461593705873
45,f_nmeimidazole.log,34.0286724,10.4,7,I,0.06504616828698258,0.004231004008818458,0.10212777668677298,0.01043008277098337,-0.0494351306390235,0.00244383214129732,-0.03989289219885818,0.0015914428479897197,-0.13645726748246922,0.018620585848782154,-0.17289350023233477,0.029892162422588343,0.04863,0.0023648769,-0.45481,0.2068521361,-39.791604,1583.371748892816,-189.1283163,35769.52002647284,129.90480632599997,16875.258706595563,2.5751133755349493,6.631208896859001,0.791373,0.626271225129,1.24252,1.5438559504000002,-0.601444,0.361734885136,-0.48535,0.23556462250000001,88.52096912070412,7835.961974068653,88.29165901876979,7795.417052286713,150.61456165687832,22684.7461830936
46,f_pyrazole.log,28.98725706,-2.2,1,I,0.01057720356011201,0.00011187723515204616,0.01645723572222215,0.00027084060761678485,-0.006719455733264985,4.515108535130768e-05,-0.0034386467265588258,1.1824291310073727e-05,-0.05265429212963366,0.0027724744796728015,-0.04192501908302476,0.0017577072251119903,0.01829,0.00033452410000000003,-0.50637,0.25641057689999996,-55.68768732,3101.118519050089,-177.0424737,31344.037493815187,129.90480632600003,16875.258706595578,2.439278269346694,5.950078475307003,0.866011,0.7499750521209999,1.34744,1.8155945536,-0.550157,0.302672724649,-0.28154,0.0792647716,60.63127267283394,3676.151225927539,59.78091700342853,3573.75803777081,167.02103162797866,27896.025006074247
47,f_quinoline.log,23.22169518,8.0,61,II,0.5909996700206642,0.34928060996453403,0.8020658094373212,0.6433095626683453,-0.4001987507368042,0.16015904009129875,-0.2901974486615131,0.08421455920965153,-0.4734972309210531,0.2241996276899051,-0.46597012135187443,0.2171281539926806,0.04555,0.0020748025,-0.42649,0.1818937201,-44.75081553,2002.6354906000888,-190.0595412,36122.6292011545,176.960806326,31315.126975548086,2.9693256015703295,8.816894528140999,0.938765,0.881279725225,1.27403,1.6231524409,-0.63569,0.4041017761,-0.46096,0.2124841216,106.64256124694255,11372.635869307893,39.420725090063485,1553.9935666263607,112.87105070512474,12739.87408727884
48,f_tetramethylbenzopiperidine.log,20.73863811,7.6,49,II,0.05998657120134867,0.0035983887244944736,0.08733415522648796,0.007627254669124295,-0.06928933857586632,0.004801012440281036,-0.04347468767404532,0.0018900484683557878,-0.2344912120683457,0.054986128537281874,-0.21420357341749266,0.045883170864823165,0.04032,0.0016257024,-0.29862,0.0891739044,-42.71642811,1824.6932304767984,-194.2977437,37751.61320691089,265.15480632599997,70307.07131777855,2.9965176442005137,8.979117992004996,0.882385,0.7786032882249999,1.28466,1.6503513155999998,-1.019226,1.038821639076,-0.6395,0.40896024999999997,89.76031681359602,8056.914474477128,89.74209440118076,8053.64350751044,126.96340849693468,16119.707097159504
49,h_benzopiperidine.log,9.26022519,-2.6,68,II,0.03411803746231289,0.001164040480279786,0.027481373856940564,0.0007552259090649363,-0.03766719620660605,0.0014188176700669574,-0.035318467236726346,0.0012473941279517124,-0.07783816462336915,0.0060587798719347165,-0.058787574066918376,0.0034559788646734138,0.06005,0.0036060025,-0.32167,0.10347158890000001,-49.30151805,2430.6396820344758,-192.7565791,37155.09878633456,173.06600000000003,29951.84035600001,2.9910197869450816,8.946199365897002,0.526196,0.276882230416,0.42384,0.1796403456,-0.580934,0.33748431235599996,-0.54471,0.2967089841,51.682441030175966,2671.0747108376163,51.631961782521614,2665.8594775117726,139.68189415931747,19511.031555934765
50,h_biphenylene.log,13.34657031,4.2,82,V,0.029313039598855044,0.0008592542905240439,0.02621905366448639,0.0006874387750612171,-0.02020149652990855,0.0004081004620479072,-0.03230176591481602,0.0010434040812155698,-0.04152706689912498,0.0017244972852444014,-0.05939229913808254,0.00352744519690748,0.0544,0.00295936,-0.40019,0.1601520361,-53.00633709,2809.67177169871,-188.2830604,35450.51083359005,207.08300000000003,42883.36888900001,3.9121799130956383,15.305151672428996,0.498485,0.24848729522500002,0.44587,0.1988000569,-0.343538,0.11801835744400001,-0.54931,0.30174147609999996,42.57364835120368,1812.5155339319479,30.115002990035407,906.9134050898415,131.30353115191562,17240.617292962077
51,h_dibenzofuran.log,50.67965025,21.1,104,VIII,0.031610617676158796,0.0009992311498682829,0.027862954784058282,0.0007763442492984763,-0.025681059664600627,0.0006595168254967772,-0.033546553039628405,0.0011253712208406017,-0.05336005383902545,0.002847295345703695,-0.06143917985371826,0.00377477282109754,0.03131,0.0009803160999999998,-0.33078,0.10941540840000001,-54.13773762,2930.8946346119637,-186.6201589,34827.08370786125,223.08200000000005,49765.57872400002,5.5702926191267546,31.028159862698,0.514849,0.265069492801,0.45381,0.2059435161,-0.418273,0.17495230252900001,-0.54638,0.29853110439999997,145.99179877679467,21313.605310084105,19.678112479088302,387.22811073965073,151.74750654044638,23027.305741242817
52,h_dimethylaniline.log,10.00821711,-0.3,42,II,0.029274414918737772,0.0008569913688344167,0.026932302668379645,0.0007253489270212094,-0.021195917044667185,0.0004492668993644129,-0.03314347301652803,0.0010984898035973215,-0.03636877678437975,0.0013226879247920393,-0.05231903930652167,0.002737281873957359,0.05974,0.0035688676,-0.31053,0.09642888089999999,-48.9155994,2392.73586466128,-188.6790192,35599.77228627397,133.00100000000003,17689.266001000007,3.0328821090471023,9.198373887377999,0.44172,0.1951165584,0.40638,0.1651447044,-0.319824,0.102287390976,-0.5001,0.25010001,45.37609157426219,2058.989686555828,45.79095868784191,2096.8118975516445,143.7473649652721,20663.30493445914
53,h_dimethylimidazole.log,24.17174532,-4.0,10,I,0.030982042290450748,0.0009598869444872786,0.033407275476918664,0.001116046054790731,-0.06026929631645506,0.0036323880784806632,-0.04216532111689986,0.0017779143048912815,-0.07560606279990402,0.00571627673210303,-0.057035720202343515,0.0032530733790000163,0.0598,0.00357604,-0.43835,0.1921507225,-43.50081561,1892.3209587352194,-196.1407406,38471.19012311648,107.95099999999998,11653.418400999995,2.5941318634926795,6.729520125188002,0.365323,0.13346089432900002,0.39392,0.1551729664,-0.710662,0.505040478244,-0.49719,0.2471978961,85.40168082066481,7293.447086994707,84.7148767163114,7176.6103370598385,150.65846575548693,22697.97330379723
54,h_fnmeimidazole.log,27.37392885,4.1,12,I,0.033274435953996324,0.0011071880880566033,0.03420374360422359,0.0011698960765434661,-0.057479610846592845,0.003303905663075754,-0.044269892121100864,0.0019598233484139083,-0.07673383255340412,0.005888081058333861,-0.060749747118748434,0.0036905317749918835,0.05388,0.0029030543999999997,-0.46498,0.2162064004,-48.69095082,2370.8086917556584,-183.6639592,33732.44990901926,111.91440316299997,12524.833635330499,2.6004820807275335,6.762507052185002,0.389959,0.152068021681,0.40085,0.16068072249999998,-0.673631,0.45377872416099996,-0.51882,0.26917419239999996,84.92712801798737,7212.617073383615,84.18206851416399,7086.6206593234,150.81629470387395,22745.55474820576
55,h_indole.log,42.8075373,22.6,2,I,0.2622758982149155,0.0687886467844407,0.22185618586276834,0.04922016720557521,-0.04055607585946306,0.0016447952891185224,-0.23834651619437772,0.05680906178199676,-0.022694975807127357,0.000515061926886096,-0.11282251201321118,0.01272891921697118,0.0468,0.00219024,-0.29986,0.08991601960000001,-54.11012718,2927.905863435775,-165.8238499,27497.549195657728,157.02299999999997,24656.22252899999,2.6123910166192577,6.824586823712998,0.434679,0.188945833041,0.36769,0.13519593610000002,-0.067215,0.004517856224999999,-0.39502,0.15604080039999998,0.0359251193427435,0.0012906141997903631,0.034140312357465064,0.0011655609278652817,179.98881727758916,32395.974344985378
56,h_meimidazolamine.log,24.7666248,-2.0,16,I,0.03154030108778318,0.000994790592708017,0.03267848519696328,0.0010678833947681482,-0.06210676025112708,0.0038572496688909787,-0.04649238710319464,0.0021615420585532996,-0.07932531127263734,0.0062925050085008045,-0.061524888704153693,0.003785311930058499,0.05953,0.0035438209,-0.43972,0.1933536784,-43.09795419,1857.4336553633389,-198.6099924,39445.92908112806,108.939,11867.705720999998,2.601140679600009,6.765932835069997,0.371938,0.13833787584399998,0.38536,0.14850232959999998,-0.732392,0.5363980416640001,-0.54826,0.30058902759999995,87.20018582641656,7603.872408161579,86.5977962690818,7499.1783186613975,150.22969303958587,22568.960670768196
57,h_meimidazolecarboxylic.log,26.73386865,0.3,15,I,0.037032033887965145,0.001371371533879399,0.03529492504114282,0.0012457317336598908,-0.05860601003163042,0.0034346644118275656,-0.042383157823100204,0.00179633206705782,-0.08450636381627488,0.007141325525448613,-0.05824722907457418,0.0033927396948659192,0.05592,0.0031270463999999998,-0.45875,0.2104515625,-47.56080531,2262.030201735724,-190.1141345,36143.38413668409,137.933,19025.512488999997,2.594817933302258,6.733080106987002,0.425426,0.18098728147600002,0.40547,0.1644059209,-0.673269,0.453291146361,-0.4869,0.23707161,87.4456924536176,7646.749128692673,87.01483478939227,7571.581473425231,148.9940215330346,22199.21845258638
58,h_meimidazolol.log,26.45211666,2.6,8,I,0.030065675836384507,0.0009039448634985552,0.03315932505785849,0.0010995408382927221,-0.06546589371925988,0.004285783240461431,-0.04809176317146937,0.0023128176849406975,-0.07860203475586611,0.006178279867762384,-0.06368308573661365,0.004055535408936884,0.05672,0.0032171584,-0.45329,0.20547182410000003,-45.3011418,2052.1934483837076,-189.0843906,35752.90676857337,109.92299999999996,12083.065928999991,2.6035040525731854,6.7782333517649995,0.351266,0.12338780275600002,0.38741,0.1500865081,-0.764857,0.585006230449,-0.56187,0.3156978969,84.61426950181165,7159.574603325213,83.81886728949635,7025.602513694202,150.6707970557641,22701.68908541925
59,h_menitroimidazole.log,26.19797511,2.2,14,I,0.034311742253357105,0.0011772956564608114,0.03655625935616539,0.0013363600981152297,-0.05039217933732633,0.0025393717383652586,-0.034814999495626935,0.0012120841898805037,-0.06979486413838427,0.004871323060095519,-0.05137427398017042,0.0026393160269896155,0.04771,0.0022762441000000002,-0.47723,0.2277484729,-58.26424338,3394.722056643874,-176.1514095,31029.31906883669,138.921,19299.044241,2.5803957046596553,6.658441992625999,0.403758,0.16302052256400001,0.43017,0.1850462289,-0.592982,0.351627652324,-0.40968,0.16783770239999998,86.12987590969391,7418.355524219271,85.55873911537694,7320.297839013131,150.84640882085336,22754.639054148025
60,h_metriazole.log,24.76411476,-2.4,38,I,0.031178696796169993,0.000972111133907501,0.03674180789127591,0.0013499604471194247,-0.030170568594075273,0.0009102632092898012,-0.020023111648615602,0.00040092500009292583,-0.03690126969863572,0.0013617037053714506,-0.028859708961132553,0.0008328828013212746,0.05099,0.0025999801,-0.48216,0.23247826559999998,-51.902547,2693.874385087209,-181.7393861,33029.20446000487,94.91199999999996,9008.287743999994,2.5719473171074094,6.614913001976001,0.359963,0.129573361369,0.42419,0.17993715610000002,-0.348324,0.12132960897600002,-0.23117,0.05343956889999999,89.34360228161988,7982.279268656273,89.26568519769701,7968.362553814343,153.5245793886591,23569.796476464693
61,h_naphthalene.log,34.61915931,23.4,75,III,0.043440806813400595,0.0018871036965991915,0.014969268225591846,0.00022407899120971368,0.004386268542206171,1.923935172434745e-05,-0.06053910147952287,0.0036649828079479683,0.004600083254712758,2.1160765950288723e-05,-0.021878076331441648,0.00047865022396438724,0.1406,0.019768360000000002,-0.41657,0.1735305649,-22.15794549,490.9745483378113,-164.5004314,27060.391930786103,183.06100000000004,33511.32972100002,1.7004895182664317,2.891664601734001,0.362866,0.13167173395600001,0.12504,0.015635001600000004,0.036639,0.001342416321,-0.50569,0.2557223761,174.45982120999068,30436.229216621912,3.605178900595405,12.997314905298293,5.5426435754435825,30.72089780440602
62,h_nmeimidazole.log,23.75947125,-3.5,11,I,0.034300435898050714,0.001176519902796286,0.03581727790844831,0.0012828773967710194,-0.05650032754987541,0.0031922870132432106,-0.042873551825072506,0.001838141446097178,-0.0735102518992353,0.005403757134289026,-0.0582477758282198,0.0033928033889345467,0.05822,0.0033895684,-0.4465,0.19936225000000002,-45.67451025,2086.1608865773546,-193.2083863,37329.48053665003,93.92399999999996,8821.717775999994,2.5919448946231474,6.718178336762999,0.387226,0.14994397507600002,0.40435,0.16349892249999998,-0.637846,0.40684751971600003,-0.48401,0.23426568009999998,86.45443801652412,7474.369852753011,85.96833683951633,7390.5549389525395,151.34895340578294,22906.505697025856
63,h_quinoline.log,8.28319212,-2.1,60,II,0.3564450034783013,0.12705304050464625,0.2914321166700182,0.08493267862676712,-0.37764359295235367,0.14261468329796298,-0.2897052969147386,0.08392915906045686,-0.2719992851369253,0.07398361111499839,-0.17060311510000858,0.029105422881826777,0.06013,0.0036156169,-0.42057,0.1768791249,-51.44007213,2646.0810207396025,-192.180525,36933.35418927562,140.98000000000002,19875.360400000005,2.9576137363714348,8.747479013572999,0.569711,0.32457062352099997,0.4658,0.21696964,-0.603593,0.36432450964900004,-0.46304,0.2144060416,108.81486925627769,11840.675771260807,42.97852277058325,1847.1534195415427,116.279934323284,13521.02312622724
64,h_xanthene.log,15.50645973,8.3,90,VI,0.022371743341258167,0.0005004949001271292,0.02040792241957063,0.00041648329748321356,-0.016351457720805547,0.0002673701695952913,-0.023517223454774753,0.0005530597990218078,-0.03860794759849578,0.0014905736177681958,-0.05065300924481846,0.0025657273455556647,-0.04326,0.0018714276,-0.32649,0.1065957201,-49.61464554,2461.6130520598417,-192.4629045,37041.969608576124,265.163,70311.41656900001,4.338613648161242,18.823568388010997,0.499628,0.24962813838400003,0.45577,0.2077262929,-0.365177,0.13335424132899998,-0.52521,0.27584554409999995,111.64698690218697,12465.049684337107,14.503048600653406,210.33841871291472,112.74671238837212,12711.821154386304
65,ipr_dimethylaniline.out,12.00809148,7.4,50,II,0.01636414834207604,0.00026778535096147,0.08218183993422278,0.006753854814974213,-0.018343789771202643,0.0003364946231700787,-0.0372236641005445,0.0013856011690701654,-0.018406409710541374,0.0003387959184323118,-0.18757786712414795,0.0351854562348445,0.13039,0.0170015521,-0.34477,0.11886635290000001,-38.33138823,1469.2953236389826,-188.6520362,35589.59076240611,217.163,47159.76856900001,2.664864074385033,7.1015005349479985,0.254459,0.064749382681,1.27791,1.6330539681000003,-0.285242,0.08136299856399999,-0.57882,0.3350325924,109.30138164234442,11946.792028925427,2.5068581889676977,6.284337979594405,70.71769377038532,5000.992212201995
66,ipr_metriazole.log,29.75281926,8.9,22,I,-0.0009578228688180755,9.174246480308884e-07,0.05272396294530324,0.002779816268657709,-0.01138417447344112,0.0001295994284417484,-0.011821760250713461,0.0001397540154253488,0.0010189466197245568,1.0382522138481005e-06,-0.05824449463705282,0.003392421155525675,0.10519,0.0110649361,-0.47294,0.22367224360000001,-41.04599649,1684.7738278570923,-182.5607967,33328.44449173873,179.07400000000004,32067.497476000015,2.5722151871423975,6.616290968965999,-0.019724,0.00038903617599999994,1.08572,1.1787879184,-0.234429,0.054956956040999996,-0.24344,0.059263033599999994,15.754226634961299,248.195656865724,14.525989883831869,211.00438210518578,173.79344121547837,30204.160209517933
67,me_Bbenzoxanthene.log,30.88421979,26.2,102,VI,0.02873161654833343,0.0008255057894804674,0.04236537275780392,0.0017948248089076748,-0.009693032460997997,9.395487828996089e-05,-0.024079876060561375,0.0005798404310919968,-0.028712002469411954,0.0008243790858035181,-0.1051741553864378,0.011061602961250564,0.02074,0.00043014760000000007,-0.37143,0.13796024489999997,-36.95588631,1365.7375329576453,-190.5521365,36310.11672471463,301.1959999999999,90719.03041599995,4.54262243232981,20.635418562705997,0.631717,0.399066368089,0.93148,0.8676549903999999,-0.213119,0.045419708161,-0.52944,0.28030671360000003,13.909512138553682,193.47452793257222,15.95829503805561,254.66718052163029,99.3040092124213,9861.286245660656
68,me_aniline.log,23.8943859,22.2,45,II,0.038939167848364174,0.0015162587927230783,0.06319813292427391,0.0039940040051141944,-0.060373149483866476,0.003644917178601287,-0.05519887563238557,0.0030469158710795695,-0.12978683932179033,0.016844623661140222,-0.19259040096241203,0.03709106254286264,0.09322,0.0086899684,-0.35901,0.1288881801,-40.30741722,1624.6878829471523,-178.438056,31840.13982905913,133.00100000000003,17689.266001000007,3.0756528543588924,9.459640480526001,0.564573,0.318742672329,0.9163,0.83960569,-0.875341,0.7662218662810001,-0.80032,0.6405121024,148.74531410490914,22125.16846816808,26.90442209310214,723.8479281638026,163.5575101606958,26751.059129966114
69,me_benzopiperidine.log,17.26411524,11.2,71,II,0.03838411897709542,0.0014733405896478168,0.06281927603164653,0.003946261441140199,-0.031224458100051092,0.0009749667836418463,-0.03608111870298265,0.0013018471268587241,-0.07217371652116515,0.005209045356477508,-0.1364914678452443,0.018629920794549358,0.09714,0.0094361796,-0.32339,0.10458109210000001,-34.14589653,1165.942249837466,-192.1290692,36913.57923165839,201.12000000000003,40449.25440000001,3.0201445178966186,9.121272908980998,0.589712,0.34776024294400004,0.96512,0.9314566143999999,-0.479715,0.230126481225,-0.55433,0.3072817489,59.04220860017354,3485.982396386406,68.19897708305274,4651.100475174752,123.01911742561668,15133.703252177667
70,me_benzopyrrolidine.log,18.76449165,13.3,58,II,0.03605187749588235,0.0012997378709781085,0.05997620339765478,0.003597144973996857,-0.026084310865078786,0.0006803912733060671,-0.03177070969435899,0.001009377994483236,-0.061083694744249496,0.0037312177636086535,-0.12377243386899324,0.015319615385854305,0.10003,0.0100060009,-0.30437,0.09264109689999998,-31.78143885,1010.0598553762894,-188.387227,35489.74729674953,187.093,35003.790648999995,3.081361438759822,9.494788316276,0.582559,0.33937498848100006,0.96915,0.9392517224999999,-0.421494,0.17765719203599997,-0.51338,0.26355902439999995,63.12284540162042,3984.4936115968717,66.35639036912923,4403.170542820267,130.77295388582127,17101.565468023135
71,me_biphenylene.log,22.83640404,18.5,84,V,0.0368427759651945,0.0013573901408215137,0.055485585988034616,0.0030786502524355833,-0.010552438900147903,0.00011135396674135468,-0.03254710635461891,0.0010593141320588747,-0.027411907464251203,0.0007514126708286708,-0.127328794019958,0.016212621786576894,0.02622,0.0006874884,-0.32558,0.1060023364,-37.69321056,1420.7781223204952,-186.1551739,34653.74876973924,235.137,55289.408769,3.9557920441992396,15.64829069695,0.628794,0.39538189443599997,0.94697,0.8967521809,-0.180098,0.032435289604,-0.55548,0.30855803039999996,27.03989355193796,731.1558433001361,33.559964281371606,1126.271202566938,97.92143867188199,9588.608151571145
72,me_cinnoline.log,20.67212205,13.7,59,II,0.3726824007743214,0.1388921718469119,0.5486820053481923,0.30105194299291377,-0.12829413400952686,0.016459384821254436,-0.11793663564156362,0.013909050026450934,-0.11774496227555424,0.013863876141271691,-0.15935514969236855,0.02539406373347719,0.09952,0.0099042304,-0.4587,0.21040569,-37.76913927,1426.507881196656,-187.5068305,35158.81148415573,170.022,28907.480483999996,2.770129283447616,7.673616247014002,0.679626,0.4618914998759999,1.00058,1.0011603364000001,-0.233958,0.054736345764,-0.21507,0.0462551049,60.77020408390802,3693.017704399831,30.16930643113635,910.187050535805,63.16913958827918,3990.3401963235
73,me_dibenzofuran.log,59.18492079,36.0,106,VIII,0.03679389383228124,0.0013537906233411833,0.05652168893034136,0.003194701319538273,-0.024694783925972526,0.000609832353150471,-0.03352389724075706,0.0011238516862088386,-0.05992773803600744,0.003591333786112333,-0.12497309791913706,0.01561827520350622,0.09413,0.0088604569,-0.46646,0.21758493159999998,-38.96642835,1518.382538355684,-186.5693305,34808.11508321823,251.13600000000002,63069.29049600001,5.59986093076971,31.358442443961,0.60063,0.3607563969,0.92267,0.8513199289,-0.403122,0.16250734688399998,-0.54725,0.2994825625,133.63903837109117,17859.39257674998,12.270652448962142,150.5689115232206,135.19082434444238,18276.558986929875
74,me_dimethylaniline.log,16.7282217,11.6,43,II,0.03621097986790578,0.0013112350629938777,0.06332052911940325,0.004009489407961195,-0.014711887915038926,0.0002164396460246684,-0.03463844665710086,0.001199821986816822,-0.03118540029404395,0.0009725291914997566,-0.1283942521040786,0.01648508397336569,0.09643,0.009298744900000001,-0.31515,0.0993195225,-34.69371276,1203.6537050733866,-188.4932762,35529.71517260948,161.055,25938.713025,3.0390184964269302,9.235633421625,0.545928,0.29803738118399997,0.95464,0.9113375296,-0.221801,0.049195683601,-0.52222,0.2727137284,124.41577102961263,15479.284080892998,62.726641059766926,3934.631498640838,127.23956343880846,16189.906504098562
75,me_indenoPy.log,21.16973748,16.2,79,IV,0.04036025496010142,0.0016289501804443913,0.07102514208306591,0.005044570807919701,-0.03439622213693179,0.0011831000972931565,-0.03144421871031598,0.0009887388903021858,-0.07992643079256932,0.006388234339239373,-0.12858156072147203,0.0165332177575696,0.11207,0.012559684900000001,-0.57873,0.33492841289999997,-32.32297998,1044.7750347874808,-190.3638835,36238.408141201566,207.08300000000003,42883.36888900001,2.8853937078038414,8.325496849034,0.60178,0.3621391684,1.059,1.121481,-0.512855,0.26302025102499993,-0.46884,0.21981094559999997,165.4639990235533,27378.334972866447,73.02982077784361,5333.354722843958,17.779018913307,316.093513519728
76,me_indole.log,50.06218041,35.3,3,I,0.3573063562097102,0.1276678321878603,0.5179783170184721,0.2683015369012888,-0.03142483775400503,0.0009875204278655399,-0.24016149103616316,0.057677541776713075,-0.024165857297167914,0.0005839886589070838,-0.26773390467667346,0.07168144371341807,0.08968,0.008042502399999998,-0.29601,0.0876219201,-42.51938997,1807.8985234209365,-170.8608727,29193.4378198056,185.07700000000003,34253.49592900001,2.6511005314255813,7.028334027725,0.595616,0.35475841945600006,0.86345,0.7455459025000001,-0.052384,0.002744083456,-0.40034,0.1602721156,17.290003222284984,298.94421142662515,17.32157886098622,300.0370942373647,173.07466232367534,29954.838738454244
77,me_mequinolinamine.out,17.17751886,10.2,67,II,0.3577352542411177,0.1279745121269571,0.49728869778419643,0.24729604894390186,-0.3071898251272301,0.0943655886616982,-0.23324753356163413,0.05440441191258564,-0.30367987510196703,0.0922214665419463,-0.3205332544336557,0.10274156719783067,0.10233,0.010471428900000001,-0.41371,0.17115596410000003,-35.46052998,1257.4491864624786,-195.9895107,38411.88830442542,198.07600000000002,39234.10177600001,2.9449620020546954,8.672801193546,0.704466,0.49627234515600005,0.97928,0.9589893184000001,-0.60493,0.36594030489999996,-0.45932,0.21097486240000002,87.01300170416336,7571.262465568735,44.75962044026102,2003.4236219562317,95.82580595909724,9182.585087710555
78,me_metriazole.log,34.56582096,13.3,17,I,0.032323022750295465,0.0010447777997161182,0.0706279169589757,0.004988302653963968,-0.021873616428862694,0.00047845509567701197,-0.019889577455046808,0.00039559529134030626,-0.030877513163577248,0.0009534208191668862,-0.06134959640914775,0.0037637729795653146,0.09305,0.0086583025,-0.47414,0.2248087396,-35.92676991,1290.7327961660812,-185.6456358,34464.30209158624,122.966,15120.637155999999,2.586952535978579,6.692323423406001,0.400853,0.160683127609,0.87589,0.7671832920999999,-0.271265,0.073584700225,-0.24666,0.060841155599999995,91.6589392659747,8401.361147363637,87.2313743791096,7609.312676068378,151.42836319787244,22930.54918078677
79,me_naphthalene.log,33.13949073,29.7,76,III,0.07420336986192098,0.005506140098865043,0.0880684754323346,0.007756056364975724,-0.014568042604002525,0.00021222786531203267,-0.06514070856277585,0.004243311912060498,-0.025244014417008007,0.0006372602638861081,-0.1339696875402905,0.017947877179643072,0.16038,0.0257217444,-0.41147,0.16930756090000001,-17.18179119,295.2139484967616,-173.608739,30139.994257170125,211.115,44569.543225,1.7695048609701531,3.131147452997001,0.606242,0.36752936256399993,0.71952,0.5177090304,-0.119021,0.014165998441000001,-0.5322,0.28323684,14.171269828969425,200.82488856545913,3.9117097035975785,15.301472805219456,14.179219567127372,201.05026753280774
80,me_naphtoxanthene.log,33.87618747,27.0,97,VI,0.02887705556043054,0.0008338843378401925,0.04257891351628754,0.0018129638762274941,-0.009747231448918847,9.500852091879261e-05,-0.024234721488892323,0.0005873217256441793,-0.028876302953244126,0.0008338408722475355,-0.10586197960199466,0.011206758725253133,0.09534,0.0090897156,-0.33289,0.11081575210000001,-38.56921452,1487.584308689779,-191.8435521,36803.94848234542,325.218,105766.747524,4.666845569658482,21.779447571040997,0.632836,0.4004814028959999,0.93311,0.8706942720999999,-0.213609,0.045628804881,-0.5311,0.28206721,14.687572904573248,215.72479782715422,17.195371320161712,295.68079483823993,102.20808857812258,10446.493370793352
81,me_phquinolinamine.out,18.13698165,12.0,66,II,0.3683638552332242,0.13569192984228373,0.5150641096986146,0.2652910370996265,-0.3174031498187814,0.1007447595148838,-0.24063566628547842,0.057905523888656135,-0.307166607100848,0.09435132451784671,-0.32561698082329427,0.10602641820047759,0.10068,0.0101364624,-0.41825,0.17493306250000001,-35.89602192,1288.5243896811207,-194.0291694,37647.3185780539,260.14699999999993,67676.46160899996,2.9444330575019024,8.669686030110002,0.701349,0.491890419801,0.98066,0.9616940356,-0.604322,0.365205079684,-0.45816,0.2099105856,85.6734479176272,7339.939678094381,45.09592213229222,2033.6421929617636,94.34725116298375,8901.403802011138
82,me_quinoline.log,17.79875376,12.6,62,II,0.3973210856785306,0.15786404512476623,0.6060838589630622,0.367337644095557,-0.3845180981882952,0.1478541678343434,-0.2908123219559769,0.08457180660142675,-0.30949857276023784,0.09578936654062424,-0.3570637597523515,0.12749452852848497,0.10071,0.010142504099999998,-0.4198,0.17623204,-35.88974682,1288.0739268037,-192.119029,36909.72130390284,169.034,28572.493155999997,2.9543059106121694,8.727923413477999,0.636124,0.404653743376,0.97036,0.9415985296,-0.615626,0.378995371876,-0.4656,0.21678336,85.27172669806319,7271.267374069183,11.342061841352804,128.64236681307136,85.70790652873066,7345.845241537631
83,me_tetramethylbenzopiperidine.log,15.60811635,7.0,47,II,0.04422065191760674,0.0019554660560181366,0.06660379806764986,0.00443606591703628,-0.05970316474138391,0.0035644678801368267,-0.04207772528229981,0.0017705349649326928,-0.1555008644155245,0.02418051883397533,-0.16506749598709247,0.02724727823144879,0.10122,0.0102454884,-0.29589,0.08755089209999999,-36.99541944,1368.6610595415298,-195.4699324,38208.494472460574,257.228,66166.243984,3.0217610765077048,9.131040003497002,0.66942,0.4481231364,1.00826,1.0165882275999998,-0.903797,0.8168490172089999,-0.63698,0.4057435204,68.9596881510962,4755.438589896438,86.83869125470893,7540.958298830662,99.43969639610066,9888.253219348675
84,me_tribenzooxepine.log,21.88572639,19.4,103,VII,0.02891345698404148,0.000835987994768017,0.04852107664928976,0.002354294879206252,-0.0043126053970488154,1.859856531065457e-05,-0.02538506216258647,0.0006444013809983792,-0.01183235844433984,0.00014000470635534032,-0.1168800087112259,0.013660936436336243,0.0931,0.008667610000000001,-0.41169,0.1694886561,-33.12180021,1097.0536491511564,-187.7603445,35253.94696675868,327.23399999999987,107082.09075599992,2.8259928354130697,7.986235505806001,0.601526,0.361833528676,1.00945,1.0189893024999999,-0.089721,0.008049857841,-0.52812,0.2789107344,9.946444729880117,98.93176276455995,25.685708928566957,659.7556431630643,10.199967461285201,104.03933621127688
85,me_xanthene.log,24.86263383,22.7,91,VI,0.027387889471229488,0.0007500964896882831,0.04284112393165909,0.0018353618997277734,-0.0016109207435597384,2.5950656420310603e-06,-0.023807484020666667,0.0005667962953942987,-0.004662706411027837,2.174083107544009e-05,-0.10779030179421056,0.011618749160886992,0.0899,0.008082009999999999,-0.32716,0.10703366560000001,-35.83264341,1283.9783337482165,-192.0286675,36875.00914182556,293.2169999999999,85976.20908899995,4.363344445625397,19.03877475117,0.612203,0.3747925132090001,0.95763,0.9170552168999999,-0.036009,0.001296648081,-0.53217,0.28320490890000005,24.024667184878247,577.1846333441657,15.97041434362302,255.05413430699988,88.60371643976502,7850.618566938287
86,mesityl_dimethylaniline.log,19.16233299,11.4,54,II,0.03645068108959568,0.001328652151895408,0.07383448881923446,0.005451531739197659,-0.022126201514364147,0.0004895687934542502,-0.03410880179632995,0.0011634103599813211,-0.047403176815502775,0.00224706117220182,-0.14802009293952717,0.02190994791382626,0.10549,0.0111281401,-0.30608,0.09368496640000001,-34.95789447,1222.0543857756566,-193.345811,37382.60263124772,369.3589999999999,136426.07088099993,3.063410081039755,9.384481324615999,0.551022,0.303625244484,1.11615,1.2457908224999998,-0.33448,0.1118768704,-0.51562,0.2658639844,53.53449134497415,2865.941763565112,59.843681101579634,3581.2661677875594,128.6505885671508,16550.973938674313
87,mesityl_metriazole.log,34.79674464,10.2,28,I,0.037789414296773696,0.0014280398328932041,0.0863648950544586,0.007458895097767647,-0.03408579098908115,0.0011618411473513256,-0.020950687148730565,0.0004389312920039841,-0.050733442241686404,0.0025738821616905303,-0.07126664496973616,0.0050789346852424195,0.10037,0.0100741369,-0.47292,0.22365332640000002,-42.31984179,1790.9690091306302,-190.392749,36249.398871777004,331.2699999999999,109739.81289999995,2.603032543243553,6.775778421185,0.437459,0.191370376681,0.99978,0.9995600484,-0.394585,0.15569732222500002,-0.24253,0.0588208009,112.43793017778788,12642.288142665102,68.53498843723884,4697.044640092461,148.05681259619055,21920.81975614349
88,no2_benzopiperidine.log,12.00683646,-29.5,74,II,0.007560251773192995,5.715740687406783e-05,0.06505679374618023,0.004232386412533035,-0.028897081921447177,0.0008350413435748293,-0.03633677550830734,0.0013203612543411243,-0.012994480553278447,0.00016885652484953173,-0.1406072509098594,0.01977039900842816,-0.01333,0.0001776889,-0.35504,0.1260534016,-90.00746424,8101.34361891488,-178.2968662,31789.772496740705,263.06,69200.5636,2.9207068950925215,8.530528767040996,0.115199,0.013270809601,0.9913,0.9826756899999999,-0.440318,0.19387994112399998,-0.55368,0.30656154239999994,113.98038818724001,12991.528891313921,71.02192941835558,5044.114458305882,129.1615202902978,16682.69832370101
89,no2_metriazole.log,15.99654504,-32.8,40,I,-0.0003510430256670451,1.2323120586947368e-07,0.07801986647377204,0.006087099564585219,-0.02178370943890291,0.00047452999691854767,-0.015808837309733353,0.00024991933708561726,0.00032520748768158716,1.0575991004416966e-07,-0.052453380717343866,0.0027513571486786213,-0.02666,0.0007107556,-0.51839,0.26872819210000004,-99.60083712,9920.32675500477,-174.141495,30325.260280835024,184.90599999999998,34190.228835999995,2.5214623910750684,6.357772589606001,-0.004277,1.8292729000000005e-05,0.95057,0.9035833249,-0.265406,0.070440344836,-0.19261,0.037098612100000004,91.4360339153399,8360.54829816719,87.86821059414257,7720.822433016589,151.92268753106094,23080.50298666038
90,no2_nmeimidazole.log,17.64187626,-31.1,13,I,0.0010640130452882778,1.1321237605436348e-06,0.07848327218477147,0.006159624012828923,-0.04837349585793993,0.0023399951015181317,-0.03788142322854121,0.0014350022258198616,-0.0021076871356732543,4.4423450618825275e-06,-0.12174611376322834,0.014822116216448938,-0.01584,0.0002509056,-0.4814,0.23174596,-89.08063197,7935.358992174586,-173.35648,30052.469157990403,183.91799999999998,33825.83072399999,2.5308378784665364,6.405140367080999,0.012641,0.000159794881,0.93242,0.8694070564,-0.574701,0.330281239401,-0.45005,0.20254500250000002,83.2016876778205,6922.520832437588,83.07066699179182,6900.7357144611715,148.99643054779506,22199.936315983916
91,no2_quinoline.log,11.36050116,-28.1,65,II,0.08045832671408097,0.006473542337629795,0.6152562618147921,0.37854026770231197,-0.3191839627395913,0.10187840207014882,-0.2910674394145159,0.08472025428732288,-0.0537884011013174,0.0028931920930362026,-0.3750820179963173,0.1406865202241897,-0.01502,0.0002256004,-0.44617,0.19906766890000002,-91.32837279,8340.871676469213,-184.0643106,33879.67043665327,230.974,53348.98867599999,2.877733145424885,8.281348056277004,0.131711,0.017347787521,1.00718,1.0144115524,-0.522507,0.27301356504900004,-0.47648,0.2270331904,106.52508652762087,11347.594059717114,44.94461141919961,2020.018095622848,114.59624688636846,13132.299800441513
92,oh_metriazole.log,45.18893775,24.5,34,I,0.06197657746951024,0.0038410961548342045,0.09384392760133818,0.008806682747645202,-0.027717181979421034,0.0007682421768803421,-0.02219950741461157,0.0004928181294513942,-0.06663249881871634,0.004439889898826235,-0.0808088546443941,0.006530070988938815,0.06175,0.0038130625,-0.47018,0.22106923239999998,-25.52390913,651.4699372764974,-191.0384568,36495.69197652547,126.90999999999995,16106.148099999988,2.590443911135696,6.710399656740001,0.710178,0.5043527916839999,1.07534,1.1563561156,-0.317606,0.100873571236,-0.25438,0.0647091844,87.93032932668166,7731.742815498693,87.64686725887024,7681.973340294021,153.74508167628892,23637.550139648753
93,perfluorophenyl_metriazole.log,24.42714189,-7.8,33,I,0.06759778683534906,0.00456946078503729,0.08015989463685146,0.006425608708191127,-0.02435099308169291,0.000592970864064656,-0.020493669219631975,0.00041999047808369104,-0.05757721792331972,0.0033151360237894494,-0.05746168824769425,0.0033018456162752035,0.04273,0.0018258528999999999,-0.4936,0.24364096,-69.18166236,4786.102406893041,-177.5344416,31518.477954223814,427.01203162999997,182339.2751567801,2.5520131933800814,6.512771339186001,0.722992,0.5227174320639999,0.85735,0.7350490224999999,-0.260446,0.06783211891600001,-0.21919,0.048044256099999995,112.42949775774919,12640.39196605973,67.42004239018189,4545.4621158939235,150.21121723214728,22563.40978236334
94,ph_biphenylene.log,18.47081697,8.1,89,V,0.029953330956020423,0.0008972020353608913,0.060418209740874265,0.003650360068292274,-0.009549664554036899,9.119609309462877e-05,-0.03360398874640171,0.001129228059668293,-0.0190200878254946,0.0003617637408895279,-0.13500130273527872,0.018225351740222374,0.09318,0.0086825124,-0.31725,0.10064756249999998,-49.38560439,2438.937920965587,-196.1281904,38466.26706957865,359.279,129081.39984099999,3.950544866538286,15.606804742532002,0.491622,0.241692190884,0.99164,0.9833498895999999,-0.156738,0.024566800643999995,-0.55154,0.3041963716,45.10064287243983,2034.0679875073574,33.73153691430318,1137.816582600998,78.77085819303862,6204.8481004678
95,ph_dibenzofuran.log,55.27867104,25.2,107,VIII,0.025294156155286015,0.0006397943356079934,0.0638648137082501,0.00407871442998949,-0.027265943406985814,0.0007434316698729531,-0.038165419549183566,0.001456599249365203,-0.03758541655788548,0.0014126635378297718,-0.1328343313972483,0.017644959597753983,0.08527,0.0072709728999999996,-0.3259,0.10621081000000002,-51.52980606,2655.3209125812127,-187.7961126,35267.37990767187,375.27799999999996,140833.57728399997,5.535068239675009,30.636980417859,0.363585,0.132194052225,0.91801,0.8427423601,-0.391928,0.153607557184,-0.5486,0.30096196,116.43835035881499,13557.88943428215,0.17996152582978917,0.03238615077898587,116.43857199815504,13557.941048969535
96,ph_dimethylaniline.log,16.41823176,5.7,51,II,0.019108005030293737,0.0003651158562377308,0.06294101676766932,0.0039615715917480305,-0.012082951426512304,0.00014599771517545573,-0.03638491173760857,0.001323861802153566,-0.01349328783925435,0.00018206881671296933,-0.13383955635607697,0.017913026845591505,0.09368,0.0087759424,-0.30416,0.0925133056,-44.41698021,1972.8681309755316,-193.7160419,37525.904889402555,285.1969999999999,81337.32880899994,3.023326232930214,9.140501510724,0.287763,0.08280754416899999,0.94788,0.8984764943999999,-0.181967,0.033111989088999996,-0.54795,0.30024920250000003,56.72045374170839,3217.209872665281,65.73777051452103,4321.454472219831,120.05161471233347,14412.390195038563
97,ph_metriazole.log,31.18165953,5.1,24,I,0.005363629695361529,2.8768523508964006e-05,0.07807137661542696,0.006095139846627835,-0.03149974488923614,0.0009922339280869583,-0.022985275974325214,0.000528322911615892,-0.006055309458256704,3.6666772635253104e-05,-0.06431497119399117,0.004136415519683914,0.08267,0.006834328899999999,-0.47505,0.22567250249999998,-46.53796401,2165.7820941960554,-189.2839388,35828.409487642144,247.10799999999998,61062.36366399999,2.607349330285261,6.798270530138999,0.058305,0.0033994730250000004,0.84867,0.7202407689000001,-0.342416,0.117248717056,-0.24986,0.0624300196,115.4965016951945,13339.441903828065,65.06699403266279,4233.713712446575,150.07806951072914,22523.426948067245
98,ph_naphtoxanthene.log,30.42425496,13.5,99,VI,0.019147525421926954,0.00036662772978333897,0.042207502042425085,0.0017814732286613177,-0.008086994323417538,6.539947718698748e-05,-0.02353077681728835,0.0005536974576250349,-0.018010177498983156,0.00032436649354487915,-0.11551652472238148,0.013344067483936572,0.03416,0.0011669056000000002,-0.35489,0.12594691209999997,-48.36213558,2338.896157858302,-197.515615,39012.418168828226,449.35999999999996,201924.40959999996,4.609591500799827,21.248333804246005,0.456238,0.20815311264399997,1.0057,1.01143249,-0.192693,0.037130592249,-0.56068,0.3143620624,16.404704815975816,269.11434009930014,20.567430896588405,423.01921368593935,93.26259840789128,8697.912261791604
99,ph_xanthene.log,21.21617322,12.3,96,VI,0.03344931027256764,0.001118856357710499,0.0858204038805155,0.0073651417222148,-0.005006219119787464,2.506222987532557e-05,-0.04934534534694152,0.0024349631074089234,-0.006561703798370676,4.305595673755216e-05,-0.1659420103877611,0.027536750811531813,0.09875,0.009751562500000002,-0.31641,0.10011528810000002,-46.52164875,2164.263802418376,-195.446087,38199.17292361157,417.359,174188.53488099997,4.037404267994103,16.300633223216998,0.385893,0.148913407449,0.99008,0.9802584064,-0.057755,0.0033356400250000003,-0.56928,0.3240797184,167.86072343817378,28177.222473187063,13.345750476191965,178.10905577277805,54.54232368748376,2974.8650732302517
100,tbu_benzopiperidine.log,12.50821695,5.6,72,II,0.011121978837608487,0.00012369841326421104,0.08661164109655563,0.007501576373438563,-0.03231116898762566,0.0010440116413469023,-0.037066660178412016,0.001373937296781875,-0.023334795310961175,0.0005445126722044557,-0.2084630006194264,0.043456822627254976,0.13193,0.017405524899999997,-0.34167,0.11673838889999998,-38.51964123,1483.7627604879158,-192.1642097,36927.08348962557,285.2819999999999,81385.81952399996,2.8797741849516605,8.293099356314,0.179678,0.032284183684000003,1.39923,1.9578445929,-0.521994,0.27247773603599995,-0.59882,0.35858539240000004,77.48652338342276,6004.161306049723,27.153362127738884,737.3050748401243,80.11534528238374,6418.468549715567
101,tbu_biphenylene.log,16.04047074,11.1,83,V,0.016067581526472686,0.00025816717610984633,0.08165626034957317,0.006667744854277275,-0.011880732836987984,0.00014115181274388454,-0.030762737619077853,0.0009463460258202277,-0.01341886869519245,0.00018006603705881592,-0.17657801439960238,0.031179795169306187,0.102,0.010403999999999998,-0.3318,0.11009123999999999,-42.94044918,1843.882175780163,-185.3557262,34356.74523512936,319.2989999999999,101951.85140099995,3.972185966724745,15.778261354244998,0.273673,0.074896910929,1.39082,1.9343802723999999,-0.20236,0.040949569600000006,-0.52397,0.27454456090000007,45.983189871898865,2114.453750795102,47.87341175582267,2291.8635531425407,75.75024492116624,5738.099605616672
102,tbu_dibenzofuran.log,55.57360074,32.4,109,VIII,0.01368216360943894,0.00018720160103545517,0.07475172292346584,0.005587820080026608,-0.021413197466212282,0.0004585250257270001,-0.028994661898850665,0.0008406904186286625,-0.022159387319708432,0.0004910384463848548,-0.16393085465506316,0.026873325107939442,0.13166,0.0173343556,-0.73826,0.5450278276,-43.62192504,1902.8723441953791,-185.8062784,34523.97309285831,335.29799999999994,112424.74880399996,5.495511676766232,30.200648589474003,0.244701,0.059878579401,1.33691,1.7873283481000002,-0.382968,0.14666448902399998,-0.51856,0.2689044736,119.0305193682907,14168.264541085027,85.47934532105164,7306.718476515593,77.74617648711072,6044.467958364967
103,tbu_dimethylaniline.log,12.34318182,7.0,53,II,0.011169178761246847,0.00012475055420068764,0.09031743831670912,0.008157239664092555,-0.0025303604544604347,6.402724029497218e-06,-0.03505390706253057,0.0012287764003485308,-0.0017270531690496318,2.982712648724376e-06,-0.19346843409760772,0.03743003499218038,0.13855,0.019196102500000003,-0.32932,0.1084516624,-38.77692033,1503.6495502791674,-185.3023879,34336.97496144207,245.21700000000004,60131.37708900002,3.013642445191699,9.082040787461002,0.173283,0.030026998088999998,1.40122,1.9634174883999997,-0.039257,0.001541112049,-0.54384,0.29576194559999996,107.20643360660175,11493.21940664671,87.05308226737924,7578.2391322510975,106.25983454915675,11291.152438414167
104,tbu_indenoPy.log,20.42551062,15.8,80,IV,0.000647389155302437,4.191127184032029e-07,0.09189482093675605,0.008444658114998458,-0.02309056642749143,0.0005331742579423944,-0.03276550760130687,0.0010735784883712984,-0.0008770553976152609,7.692261704860633e-07,-0.17665866950610415,0.031208285511666933,0.15076,0.0227285776,-0.55563,0.30872469689999993,-32.94484239,1085.3626401019408,-188.7122772,35612.32356600963,291.24499999999995,84823.65002499997,2.839534937360518,8.062958660491,0.009775,9.555062500000001e-05,1.38753,1.9252395008999998,-0.348647,0.12155473060899999,-0.49473,0.2447577729,13.529417722446683,183.04514390845438,82.977673523908,6885.2943034402615,17.421102633625345,303.49481697130796
105,tbu_indole.log,46.28519772,26.6,5,I,0.15467608180383172,0.02392469028218564,0.7113662811023839,0.5060419858894358,-0.028310098167090663,0.0008014616582303102,-0.24175108071170148,0.05844358502527561,-0.011153299341210045,0.00012439608619463642,-0.43802663638152395,0.1918673341797118,0.13787,0.019008136899999997,-0.30788,0.0947900944,-47.91974103,2296.301580382265,-168.461902,28379.412425457605,269.239,72489.63912099999,2.5848570649266085,6.681486046101001,0.28848,0.08322071040000001,1.32674,1.7602390276000002,-0.0528,0.0027878399999999998,-0.45088,0.20329277440000001,80.93128517467203,6549.872920024089,81.02985660590227,6565.837661573083,152.95232250550447,23394.41295982785
106,tbu_metriazole.log,23.90819112,3.4,26,I,0.00859479256940795,7.387045931115012e-05,0.09704683486698837,0.009418088157700509,-0.012950604165548286,0.00016771814825271663,-0.021580039282434557,0.0004656980954314186,-0.0050899824761695385,2.5907921607712987e-05,-0.09576889238667541,0.009171680748970614,0.10663,0.0113699569,-0.47055,0.22141730250000002,-45.95124216,2111.5166560469615,-188.1751286,35409.879023626534,207.12800000000001,42902.00838400001,2.6102861696086124,6.8135938872500015,0.109908,0.012079768464000001,1.24101,1.5401058201,-0.165609,0.027426340881000003,-0.27596,0.0761539216,42.325905108676075,1791.4822432686515,45.02541559406387,2027.2880494181702,133.48747548899297,17818.906112424498
107,tbu_naphthalene.log,22.37832174,15.7,78,III,-0.010818512127983437,0.00011704020466332472,0.12604678136168027,0.01588779109163923,-0.015990427359418066,0.00025569376713682583,-0.06552839392347239,0.004293970410189773,0.004295324400159202,1.8449811702603012e-05,-0.20508299254206674,0.042059033830009404,0.16054,0.025773091599999996,-0.41859,0.17521758810000002,-31.77390873,1009.5812759823701,-181.6289443,32989.0734075325,295.27699999999993,87188.50672899996,1.8907234277133182,3.574835080103999,-0.092076,0.008477989776,1.07278,1.1508569284,-0.136094,0.018521576835999996,-0.55771,0.31104044410000004,159.29759749980704,25375.72456921053,20.005130533356976,400.2052476566516,21.02124164192576,441.89260016823357
108,tbu_naphtoxanthene.log,30.2698875,22.8,100,VI,0.011164451286792222,0.0001246449725351565,0.06172746459943562,0.003810279885874578,-0.0050775682160172095,2.578169898830819e-05,-0.02377646558150325,0.0005653203155484086,-0.006097544072672847,3.718004371818777e-05,-0.15786561055061604,0.024921550994518774,0.11777,0.0138697729,-0.34083,0.11616508890000002,-41.45074044,1718.1638830242512,-191.0384568,36495.69197652547,409.37999999999994,167591.98439999996,4.508684137043313,20.328232647626006,0.25251,0.0637613001,1.39611,1.9491231321,-0.114841,0.013188455281,-0.53776,0.2891858176,144.99558605115152,21023.719974316886,4.497317378083503,20.225863599211873,56.71328415247322,3216.39659935917
109,tbu_nmeimidazole.log,21.82109286,1.6,9,I,0.011309257940423865,0.00012789931516304025,0.10871563929847303,0.011819090228075693,-0.043758125358344765,0.0019147735348766153,-0.04655074022116468,0.0021669714151383588,-0.01848559382447624,0.00034171717904351407,-0.18904239200972126,0.035737025976757125,0.11099,0.012318780100000001,-0.43771,0.1915900441,-39.65480682,1572.5037039315182,-197.1911923,38884.36632069558,206.14000000000001,42493.69960000001,2.624530960900252,6.888162764723999,0.126375,0.015970640624999997,1.21484,1.4758362255999997,-0.488974,0.239095572676,-0.52018,0.2705872324,21.499837299134644,462.2430038892612,9.297360331244931,86.44090912900685,127.91682159826264,16362.713247801752
110,tbu_quinoline.log,16.91521968,11.0,64,II,0.07643504896095196,0.005842316709663124,0.6645828888837878,0.44167041619712105,-0.2333384788431003,0.05444684570881197,-0.2173304425567077,0.04723252126189442,-0.053623724435576836,0.0028755038223426802,-0.4342579559323017,0.18857997229050089,0.15328,0.0234947584,-0.41895,0.1755191025,-34.85812038,1215.0885564265716,-188.2943555,35454.764313160376,253.19600000000003,64108.21441600001,2.672042077282841,7.139808862769999,0.159225,0.025352600625000003,1.38442,1.9166187364,-0.486077,0.236270849929,-0.45273,0.2049644529,61.57846075548241,3791.9068290144874,40.30526840697634,1624.514661358405,66.06484950668474,4364.564340340902
111,tbu_xanthene.log,23.80214193,20.2,94,VI,0.010836249438753906,0.00011742430189889433,0.058951678517758045,0.0034753004000610955,-3.440052354470805e-05,1.1833960201500128e-09,-0.022598270215063557,0.0005106818167130287,-4.2907486518771e-05,1.841052399358515e-09,-0.1533417451518371,0.023513690806210956,0.14351,0.0205951201,-0.33075,0.10939556249999999,-34.40945073,1184.0102995402979,-189.8386576,36038.71591937004,377.379,142414.909641,4.133583433131476,17.086511998659002,0.256412,0.06574711374399998,1.39494,1.9458576036000002,-0.000814,6.625960000000001e-07,-0.53473,0.28593617290000006,169.3462973586971,28678.168429100257,6.422362678449129,41.246742373536264,49.473666044415566,2447.6436318743577
