labels,file_name,free_ener_reac,free_ener_barr,FEHA,FEPA,E_p(LA),E_p(LB),d,Mw,γ,λ,Φ,q_la(NPA),q_lb(NPA),q_la(ESP),q_lb(ESP),EF_la(NPA),EF_lb(NPA),EF_la(ESP),EF_lb(ESP),EP(NPA),EP(ESP)
52,4meborinane_dimethylaniline.log,6.7,11.44144995,-39.02227674,-189.2726436,0.15261,-0.31634,3.0745958388986674,257.228,85.69872779487179,120.2311713339254,78.09812617021917,1.35736,-0.52317,0.291064,-0.200568,0.09505016225590758,-0.03663537557274649,0.020381977092925593,-0.014044926138491537,-0.1879173100533995,-0.015448241325117327
35,4meborinane_metriazole.log,4.9,25.47194604,-46.47395799,-187.1127542,0.11135,-0.47118,2.587192332376161,219.139,64.86316732512068,108.55493402154018,90.07096172319267,1.2207,-0.26628,0.135545,-0.139366,0.07972530603137036,-0.017391049799322766,0.008852598186304657,-0.009102152044210667,-0.0830694085001171,-0.0048276298337016285
88,bicyclo_biphenylene.log,16.1,20.58364314,-42.63736185,-187.7139088,0.12385,-0.33148,3.948278798059858,315.26699999999994,49.701147775894896,100.3331599521135,37.65874109327106,1.14902,-0.52079,0.338,-0.215286,0.06807201317521781,-0.03085344357932994,0.02002431676839709,-0.012754304910654247,-0.14565008013812777,-0.01771140411146077
112,bicyclo_dibenzofuran.log,33.9,57.30803838,-42.79549437,-183.6507815,0.11946,-0.33748,5.564600636814201,331.266,6.876479171248676,120.52881708952206,120.17048783672712,1.12812,-0.55026,0.429735,-0.403075,0.070010923929607,-0.03414903645135761,0.026669276668164436,-0.025014761871898685,-0.15464237028000458,-0.04315109733115569
56,bicyclo_dimethylaniline.log,12.7,18.70989828,-37.54825575,-189.7137832,0.12039,-0.32266,3.0229223261304616,241.185,69.47361872026,124.5813371144577,60.6079642501687,1.19277,-0.52698,0.286314,-0.237729,0.07662271097399667,-0.03385282680573519,0.01839261120736511,-0.01527154477152951,-0.15931301020068345,-0.017251432014636785
39,bicyclo_metriazole.log,9.9,31.30465149,-39.09255786,-186.3503296,0.10527,-0.47346,2.5809146489725303,203.09599999999998,7.863510144137763,135.16627151091998,45.37472883493011,1.05936,-0.24022,0.087955,-0.270689,0.06606488292442024,-0.014980843316817916,0.005485138930691533,-0.016880982002273438,-0.06355010650771235,-0.005945586340337131
101,bicyclo_naphtoxanthene.log,24.0,32.81820561,-40.62242724,-193.3000028,0.11938,-0.34735,4.6438644983251836,405.348,36.24883954508866,74.40646042713941,22.932769002696304,1.20883,-0.54146,0.520098,-0.162134,0.04810667013573935,-0.021547974166505984,0.020697850751766386,-0.006452294247981902,-0.13057247675788589,-0.01682206530658954
95,bicyclo_xanthene.log,19.1,23.40241806,-38.60247255,-192.7929747,0.12463,-0.33084,4.255981482099752,373.347,20.74673022360838,56.65192939302213,11.756878268512471,1.23734,-0.53562,0.44255,-0.09484,0.0646212845404652,-0.027973275272410142,0.023112604032345895,-0.004953111210999174,-0.15145691442994785,-0.009591734685241054
41,borole_dimethylaniline.log,2.3,13.52101809,-48.67902813,-188.2510573,0.08453,-0.31818,3.011896173241203,183.061,57.95546283551027,132.42844933495797,126.97147656583437,0.82903,-0.51279,0.681215,-0.33491,0.05165443276607425,-0.03195044398648446,0.04244451276400284,-0.02086726183333043,-0.10611541308699945,-0.05694832995663406
30,ccl3_metriazole.log,-25.1,13.36163055,-86.32084299,-188.574225,0.00251,-0.49151,2.566410263588813,329.618,78.89572532145836,144.97817659761685,104.87099870930383,0.97045,-0.22286,0.564673,-0.282369,0.09548534768088598,-0.021927832020364007,0.055559789511060775,-0.027783092523369666,-0.06784019307438002,-0.05001448748704558
73,cf3_benzopiperidine.log,-9.2,27.17689071,-66.5486304,-163.0282929,0.09391,-0.42398,1.7278106932864492,309.06241897799987,0.536392358548786,47.19913159386148,47.19858651943649,0.45343,-0.53128,-0.084321,-0.138242,0.02784203795335355,-0.03262227449409539,-0.005177576433550326,-0.008488496594286883,-0.05969378308998711,0.002888491819440334
110,cf3_dibenzofuran.log,-11.5,34.49114727,-89.58703254,-184.5343156,0.00909,-0.33301,5.604062657961186,359.0784189779999,6.568596270396864,126.43856290220756,126.06702148817313,0.72414,-0.54613,0.141086,-0.378634,0.04514238871416184,-0.03404536795159113,0.008795204040829448,-0.02360378270555135,-0.09874146597456115,-0.013337810090057219
37,cf3_metriazole.log,-25.5,14.36752908,-87.97997943,-169.6824089,0.00842,-0.50602,2.536595242601586,230.90841897800001,89.65667050530612,152.95078246226643,89.72408031097548,0.65508,-0.1952,0.003836,-0.264506,0.05589544726222112,-0.01665566237037547,0.0003273110699424196,-0.02256927577325069,-0.0373521152825911,-0.00029638428600557064
69,cl_benzopiperidine.log,-6.5,16.73073174,-62.54448909,-188.7863234,-0.03203,-0.32871,2.990221904141731,241.95,73.83048703052317,116.96942899632487,61.67683491108512,0.59413,-0.55016,0.410743,-0.539049,0.038662206288854944,-0.03580091800090289,0.026728545264004755,-0.03507788470166624,-0.08338214618611345,-0.05648081974262955
86,cl_biphenylene.log,-2.3,19.49491329,-66.46517157,-187.6643355,-0.08174,-0.3318,3.981183515924504,275.967,40.31496913519453,99.80642448589865,30.777538327113735,0.57897,-0.54241,0.441616,-0.173952,0.033493538580770296,-0.03137853474548874,0.025547580244028974,-0.010063160480166769,-0.07553291310683195,-0.018476798057939094
108,cl_dibenzofuran.log,12.1,52.5025668,-28.5403497,-185.1630806,-0.04591,-0.33162,5.619016435031401,291.966,19.002195536258686,150.23302769445291,145.04236491552263,0.57551,-0.54522,0.442235,-0.42097,0.03532204589743261,-0.03346299085019932,0.02714226506481401,-0.02583712126886102,-0.077735812256582,-0.04612121574311667
46,cl_dimethylaniline.log,-4.1,18.08050575,-61.77641685,-185.4529903,-0.03174,-0.31633,3.0322916368492656,201.885,64.6225556590228,124.52312387145244,123.44906316407086,0.58505,-0.50434,0.393728,-0.286415,0.03888602181966257,-0.03352153874801918,0.026169584820121536,-0.019036902725371598,-0.07607056881865293,-0.029073165839861432
4,cl_indole.log,19.4,46.18730616,-66.24679809,-164.7401402,-0.03743,-0.3086,2.630933623640285,225.90699999999998,1.3742993424249619,179.48437109750017,1.3742854312425272,0.53552,-0.39006,0.378976,-0.148664,0.32412414701893333,-0.23608430084068785,0.22937569603497027,-0.08997907116899967,-0.16250807929955166,-0.04383140251549287
19,cl_metriazole.log,-3.7,30.34832625,-65.68203909,-178.3614997,-0.03909,-0.49088,2.5642234611948314,163.796,89.17932614660594,153.27808808583703,89.31844518394693,0.54523,-0.2252,0.264953,-0.35266,0.046718207684694306,-0.019296334337056215,0.022702582911216938,-0.030217785378802146,-0.03594192590933068,-0.027351318010131413
77,cl_naphthalene.log,20.4,41.38246209,-37.57774872,-163.4468421,0.06526,-0.46201,1.7025186973545985,251.945,3.061597798408633,15.572030663948205,15.566467560810787,0.57591,-0.56673,0.305433,-0.140371,0.06986590648772173,-0.06875224459340268,0.037053278144613414,-0.01702895792673853,-0.11368054884354033,-0.014933055907074314
98,cl_naphtoxanthene.log,0.2,28.31268381,-65.71153206,-191.5869005,-0.07823,-0.33254,4.716826455816347,366.048,23.64493937766451,109.87133077562905,153.06933058053247,0.57745,-0.53269,0.500231,-0.183402,0.026713055127469628,-0.024642440619710444,0.023140875018563094,-0.008484245798749995,-0.06615969844560357,-0.019732370293846148
6,cl_nmeimidazole.log,-6.3,29.12593677,-59.07435879,-189.3673976,-0.02848,-0.45552,2.573396103449292,162.808,88.33296220784602,150.59616468635147,88.5906881396206,0.55163,-0.47623,0.320239,-0.62755,0.04513798604326774,-0.03896826331668944,0.02620405618351072,-0.05135025858175349,-0.07514702252342775,-0.05748700795184157
63,cl_quinoline.log,-4.8,17.84330697,-63.96768177,-188.069707,-0.02638,-0.43149,2.8671232076508324,209.86399999999998,3.5753552988164756,72.42575928130424,107.61228724703801,0.61899,-0.4653,0.478251,-0.608695,0.386592994197856,-0.2906052120393906,0.298693817457663,-0.38016320554978905,-0.2276155134863167,-0.2300598299505616
93,cl_xanthene.log,-0.8,19.15480287,-65.6889417,-193.6790188,-0.03186,-0.33868,4.391867450252114,334.047,9.813311646167941,59.44423109408896,59.20468846008069,0.60303,-0.53068,0.455274,-0.413489,0.027042860553690186,-0.023798327178800906,0.020416747584234195,-0.018542900630955015,-0.06776859689961413,-0.039865174081997905
31,cn_metriazole.log,-20.4,21.14840214,-85.82887515,-168.8854712,0.01607,-0.50896,2.5459848754482026,144.932,87.56535128840497,153.11989311562928,87.81647490669299,0.5377,-0.19852,0.232357,-0.293119,0.04516714458048209,-0.016675807219857366,0.01951813690401168,-0.024622183842823754,-0.030937527524260957,-0.019739721932673742
36,cooh_metriazole.log,-19.0,21.13208688,-71.65969935,-176.558036,0.04635,-0.49578,2.5488634282136418,182.93,88.77865461645436,152.58499687589742,91.36600397004932,0.61722,-0.21332,0.132182,-0.292102,0.051636441049349245,-0.017846287554919123,0.011058306682844174,-0.024437166169918364,-0.038082874446706085,-0.011167732557758912
57,cyclo5_dimethylaniline.log,12.7,18.50721255,-34.0122369,-189.8016346,0.09514,-0.32342,3.022792711957768,187.093,61.33587521460409,133.04050685218206,57.747984899129754,0.99145,-0.53422,0.394953,-0.318284,0.07178205517260436,-0.03867810733199728,0.02859502550465037,-0.02304410676136689,-0.14251595774381626,-0.03382460705146523
85,cyclo_biphenylene.log,18.5,23.16961185,-38.66898861,-186.8956357,0.03806,-0.33288,3.8799552223068248,275.20199999999994,33.74120423385705,84.3670912621833,27.81628752953069,1.0298,-0.5634,0.476801,-0.229752,0.06078275156076528,-0.033254032073543556,0.028142626458462265,-0.0135608455395115,-0.14095596673016877,-0.026614002451455215
111,cyclo_dibenzofuran.log,35.5,58.86677322,-40.17124755,-185.9349179,0.05874,-0.37346,5.574281429657638,291.2009999999999,10.843459534974725,125.18277491228578,124.20222816078079,0.98155,-0.5474,0.498084,-0.397521,0.06572638321858434,-0.036654905174319255,0.03335261561718238,-0.026618733211181158,-0.13903715547997836,-0.05123613024104398
55,cyclo_dimethylaniline.log,11.2,16.10384925,-35.57787435,-188.608738,0.09945,-0.31392,3.017965040181546,201.12000000000003,64.91270515569433,124.11098794794523,57.33820123942039,1.04576,-0.52392,0.349642,-0.233803,0.07549537588038094,-0.037822767490867104,0.025241311786230253,-0.01687867710273935,-0.1472113062640783,-0.021964323826143335
32,cyclo_metriazole.log,11.9,32.81632308,-39.03168939,-186.2003547,0.09196,-0.47303,2.584998253754923,163.031,69.32153668134501,118.89481855450262,81.07005711414412,0.9296,-0.24756,0.178515,-0.280007,0.06709026186340271,-0.017866679460955222,0.012883625319003156,-0.020208415397575088,-0.06182416721648626,-0.013428431520776893
92,cyclo_xanthene.log,22.0,25.22658963,-34.38748788,-191.209767,0.05966,-1.02391,4.194080900121145,333.28199999999987,7.765787548496007,67.39384553446084,6.184560699082522,1.05068,-0.53641,0.494561,-0.055347,0.0695580006301196,-0.03551186576122364,0.03274134308222539,-0.003664128622297207,-0.1450125679722779,-0.007042912029780574
44,ethy_dimethylaniline.log,-0.7,16.92588735,-52.81494654,-191.1727439,0.0758,-0.31244,3.0395196140201164,181.04500000000002,58.32068446577048,132.48826040253005,126.34865198410974,0.62038,-0.5008,0.661661,-0.322908,0.04125984878255687,-0.03330689620926606,0.04400533996149998,-0.021475765257870774,-0.08012296834780416,-0.05509970370268808
18,ethy_metriazole.log,-1.6,30.27804513,-56.54486598,-184.34167,0.07039,-0.48209,2.5767078941482677,142.95600000000002,89.29799108986323,153.87819171167718,89.3473107668194,0.60339,-0.22762,0.484522,-0.340926,0.05125648667122675,-0.019335755475073556,0.04115894435591595,-0.028960819660376624,-0.04002984333832751,-0.04814475570729041
70,f_benzopiperidine.log,13.6,20.90555577,-42.69634779,-169.9635334,0.04169,-0.32888,3.0184256932561717,209.04680632600002,51.981850185290256,140.53839679309095,52.80620930955505,1.26954,-0.55179,0.886538,-0.652219,0.08310430191232998,-0.03612026620051717,0.058032926578723956,-0.042694365430752834,-0.17922920272455514,-0.14793786959124605
87,f_biphenylene.log,11.2,23.63773431,-45.45613677,-191.1633313,0.0394,-0.32616,3.9966189891764765,243.06380632600002,33.84837293235597,120.06054868400108,34.13386346503284,1.27045,-0.5101,0.882448,-0.335558,0.07451959331925195,-0.029920456965760494,0.05176092414922842,-0.019682510681271633,-0.1569529021186632,-0.07171552295449896
23,f_clmetriazole.log,12.1,35.48826066,-49.56318972,-174.1942058,0.03293,-0.49797,2.5527207410801913,165.33480632599998,89.45421441209956,154.31060985853725,90.45618490933443,1.25189,-0.22167,0.753455,-0.302275,0.10741882735373226,-0.019020466222672783,0.06465045056978355,-0.025936804382453268,-0.08128870594616647,-0.06671395189269738
25,f_cnmetriazole.log,11.2,35.43554982,-56.06607585,-167.5325597,0.02449,-0.50987,2.561618946862511,155.902806326,88.86615980519835,154.3792149643047,91.01402466705237,1.25473,-0.22609,0.778651,-0.290133,0.1078498411122981,-0.019433480172690126,0.06692865128906779,-0.02493827194012607,-0.08316991346308769,-0.0662330246332339
105,f_dibenzofuran.log,29.7,59.06757642,-46.74629733,-186.9376789,0.03264,-0.33083,5.584725893830869,259.06280632600004,18.387406438627387,151.5909858324051,146.49413438926044,1.27019,-0.54533,0.892726,-0.393123,0.07778502876361948,-0.03339540520368182,0.05466955147500056,-0.02407441710503183,-0.17141220553768674,-0.08684809575643447
48,f_dimethylaniline.log,8.9,21.97232277,-42.78796425,-187.2062532,0.04341,-0.31649,3.038985659104202,168.98180632600003,48.588369664478535,140.39565890472807,132.86821999055132,1.26486,-0.50873,0.847438,-0.371556,0.08417672523167852,-0.03385609903634538,0.056397194691019704,-0.024727137643835318,-0.16599866344993638,-0.08122823131610726
21,f_dimetriazole.log,10.6,35.72483193,-45.37769802,-180.8702847,0.03942,-0.48521,2.545480371625953,144.91980632599999,89.4932684718889,154.04709381940194,90.4763496302152,1.24819,-0.23267,0.771088,-0.297686,0.11150702687682629,-0.020785569459322036,0.0688851299404724,-0.026593772424754976,-0.08680242484151908,-0.06860774161595472
27,f_fmetriazole.log,12.5,35.97897348,-49.35297387,-173.3018866,0.03218,-0.49914,2.56737598806661,148.883209489,89.33125057074842,153.9140938079493,90.60418789179106,1.24525,-0.21989,0.806454,-0.270777,0.10696553911774512,-0.018888297447581588,0.0692734686879438,-0.023259432070416117,-0.0802519689923379,-0.06400074650528459
81,f_indenoPy.log,8.8,22.84958175,-42.84381264,-193.6564285,0.05711,-0.43681,2.872288396007267,215.009806326,70.22081336959099,16.43795490120274,13.536606224595268,1.31018,-0.47559,0.963244,-0.551817,0.08843848520996177,-0.032102809675774106,0.06501995164602148,-0.037248209859031184,-0.1618895607825364,-0.1380977342202754
29,f_metriazolamine.log,10.3,37.31431476,-44.91271311,-182.0261581,0.0394,-0.48135,2.564711204668471,145.907806326,87.78132881213753,151.16261833557627,91.6792442392146,1.23123,-0.21755,0.749899,-0.283768,0.11148788454559447,-0.019699153921602035,0.06790335935028934,-0.025695194254310123,-0.08060138779306272,-0.06403397126028404
20,f_metriazole.log,10.0,35.79636807,-46.67601621,-177.2332368,0.03772,-0.49068,2.562845782996121,130.89280632600003,89.19309055666876,153.63743552176948,89.27524061671838,1.24851,-0.23588,0.746108,-0.315576,0.10825419618393407,-0.020452379072547572,0.06469257098974192,-0.0273625571400639,-0.08671804960987615,-0.06933172742612645
7,f_nmeimidazole.log,10.4,34.0286724,-39.791604,-189.1283163,0.04863,-0.45481,2.5751133755349493,129.90480632599997,88.29165901876979,150.61456165687832,88.52096912070412,1.24252,-0.48535,0.791373,-0.601444,0.10212777668677298,-0.03989289219885818,0.06504616828698258,-0.0494351306390235,-0.17289350023233477,-0.13645726748246922
1,f_pyrazole.log,-2.2,28.98725706,-55.68768732,-177.0424737,0.01829,-0.50637,2.439278269346694,129.90480632600003,59.78091700342853,167.02103162797866,60.63127267283394,1.34744,-0.28154,0.866011,-0.550157,0.01645723572222215,-0.0034386467265588258,0.01057720356011201,-0.006719455733264985,-0.04192501908302476,-0.05265429212963366
61,f_quinoline.log,8.0,23.22169518,-44.75081553,-190.0595412,0.04555,-0.42649,2.9693256015703295,176.960806326,39.420725090063485,112.87105070512474,106.64256124694255,1.27403,-0.46096,0.938765,-0.63569,0.8020658094373212,-0.2901974486615131,0.5909996700206642,-0.4001987507368042,-0.46597012135187443,-0.4734972309210531
49,f_tetramethylbenzopiperidine.log,7.6,20.73863811,-42.71642811,-194.2977437,0.04032,-0.29862,2.9965176442005137,265.15480632599997,89.74209440118076,126.96340849693468,89.76031681359602,1.28466,-0.6395,0.882385,-1.019226,0.08733415522648796,-0.04347468767404532,0.05998657120134867,-0.06928933857586632,-0.21420357341749266,-0.2344912120683457
68,h_benzopiperidine.log,-2.6,9.26022519,-49.30151805,-192.7565791,0.06005,-0.32167,2.9910197869450816,173.06600000000003,51.631961782521614,139.68189415931747,51.682441030175966,0.42384,-0.54471,0.526196,-0.580934,0.027481373856940564,-0.035318467236726346,0.03411803746231289,-0.03766719620660605,-0.058787574066918376,-0.07783816462336915
82,h_biphenylene.log,4.2,13.34657031,-53.00633709,-188.2830604,0.0544,-0.40019,3.9121799130956383,207.08300000000003,30.115002990035407,131.30353115191562,42.57364835120368,0.44587,-0.54931,0.498485,-0.343538,0.02621905366448639,-0.03230176591481602,0.029313039598855044,-0.02020149652990855,-0.05939229913808254,-0.04152706689912498
104,h_dibenzofuran.log,21.1,50.67965025,-54.13773762,-186.6201589,0.03131,-0.33078,5.5702926191267546,223.08200000000005,19.678112479088302,151.74750654044638,145.99179877679467,0.45381,-0.54638,0.514849,-0.418273,0.027862954784058282,-0.033546553039628405,0.031610617676158796,-0.025681059664600627,-0.06143917985371826,-0.05336005383902545
42,h_dimethylaniline.log,-0.3,10.00821711,-48.9155994,-188.6790192,0.05974,-0.31053,3.0328821090471023,133.00100000000003,45.79095868784191,143.7473649652721,45.37609157426219,0.40638,-0.5001,0.44172,-0.319824,0.026932302668379645,-0.03314347301652803,0.029274414918737772,-0.021195917044667185,-0.05231903930652167,-0.03636877678437975
10,h_dimethylimidazole.log,-4.0,24.17174532,-43.50081561,-196.1407406,0.0598,-0.43835,2.5941318634926795,107.95099999999998,84.7148767163114,150.65846575548693,85.40168082066481,0.39392,-0.49719,0.365323,-0.710662,0.033407275476918664,-0.04216532111689986,0.030982042290450748,-0.06026929631645506,-0.057035720202343515,-0.07560606279990402
12,h_fnmeimidazole.log,4.1,27.37392885,-48.69095082,-183.6639592,0.05388,-0.46498,2.6004820807275335,111.91440316299997,84.18206851416399,150.81629470387395,84.92712801798737,0.40085,-0.51882,0.389959,-0.673631,0.03420374360422359,-0.044269892121100864,0.033274435953996324,-0.057479610846592845,-0.060749747118748434,-0.07673383255340412
2,h_indole.log,22.6,42.8075373,-54.11012718,-165.8238499,0.0468,-0.29986,2.6123910166192577,157.02299999999997,0.034140312357465064,179.98881727758916,0.0359251193427435,0.36769,-0.39502,0.434679,-0.067215,0.22185618586276834,-0.23834651619437772,0.2622758982149155,-0.04055607585946306,-0.11282251201321118,-0.022694975807127357
16,h_meimidazolamine.log,-2.0,24.7666248,-43.09795419,-198.6099924,0.05953,-0.43972,2.601140679600009,108.939,86.5977962690818,150.22969303958587,87.20018582641656,0.38536,-0.54826,0.371938,-0.732392,0.03267848519696328,-0.04649238710319464,0.03154030108778318,-0.06210676025112708,-0.061524888704153693,-0.07932531127263734
15,h_meimidazolecarboxylic.log,0.3,26.73386865,-47.56080531,-190.1141345,0.05592,-0.45875,2.594817933302258,137.933,87.01483478939227,148.9940215330346,87.4456924536176,0.40547,-0.4869,0.425426,-0.673269,0.03529492504114282,-0.042383157823100204,0.037032033887965145,-0.05860601003163042,-0.05824722907457418,-0.08450636381627488
8,h_meimidazolol.log,2.6,26.45211666,-45.3011418,-189.0843906,0.05672,-0.45329,2.6035040525731854,109.92299999999996,83.81886728949635,150.6707970557641,84.61426950181165,0.38741,-0.56187,0.351266,-0.764857,0.03315932505785849,-0.04809176317146937,0.030065675836384507,-0.06546589371925988,-0.06368308573661365,-0.07860203475586611
14,h_menitroimidazole.log,2.2,26.19797511,-58.26424338,-176.1514095,0.04771,-0.47723,2.5803957046596553,138.921,85.55873911537694,150.84640882085336,86.12987590969391,0.43017,-0.40968,0.403758,-0.592982,0.03655625935616539,-0.034814999495626935,0.034311742253357105,-0.05039217933732633,-0.05137427398017042,-0.06979486413838427
38,h_metriazole.log,-2.4,24.76411476,-51.902547,-181.7393861,0.05099,-0.48216,2.5719473171074094,94.91199999999996,89.26568519769701,153.5245793886591,89.34360228161988,0.42419,-0.23117,0.359963,-0.348324,0.03674180789127591,-0.020023111648615602,0.031178696796169993,-0.030170568594075273,-0.028859708961132553,-0.03690126969863572
75,h_naphthalene.log,23.4,34.61915931,-22.15794549,-164.5004314,0.1406,-0.41657,1.7004895182664317,183.06100000000004,3.605178900595405,5.5426435754435825,174.45982120999068,0.12504,-0.50569,0.362866,0.036639,0.014969268225591846,-0.06053910147952287,0.043440806813400595,0.004386268542206171,-0.021878076331441648,0.004600083254712758
11,h_nmeimidazole.log,-3.5,23.75947125,-45.67451025,-193.2083863,0.05822,-0.4465,2.5919448946231474,93.92399999999996,85.96833683951633,151.34895340578294,86.45443801652412,0.40435,-0.48401,0.387226,-0.637846,0.03581727790844831,-0.042873551825072506,0.034300435898050714,-0.05650032754987541,-0.0582477758282198,-0.0735102518992353
60,h_quinoline.log,-2.1,8.28319212,-51.44007213,-192.180525,0.06013,-0.42057,2.9576137363714348,140.98000000000002,42.97852277058325,116.279934323284,108.81486925627769,0.4658,-0.46304,0.569711,-0.603593,0.2914321166700182,-0.2897052969147386,0.3564450034783013,-0.37764359295235367,-0.17060311510000858,-0.2719992851369253
90,h_xanthene.log,8.3,15.50645973,-49.61464554,-192.4629045,-0.04326,-0.32649,4.338613648161242,265.163,14.503048600653406,112.74671238837212,111.64698690218697,0.45577,-0.52521,0.499628,-0.365177,0.02040792241957063,-0.023517223454774753,0.022371743341258167,-0.016351457720805547,-0.05065300924481846,-0.03860794759849578
50,ipr_dimethylaniline.out,7.4,12.00809148,-38.33138823,-188.6520362,0.13039,-0.34477,2.664864074385033,217.163,2.5068581889676977,70.71769377038532,109.30138164234442,1.27791,-0.57882,0.254459,-0.285242,0.08218183993422278,-0.0372236641005445,0.01636414834207604,-0.018343789771202643,-0.18757786712414795,-0.018406409710541374
22,ipr_metriazole.log,8.9,29.75281926,-41.04599649,-182.5607967,0.10519,-0.47294,2.5722151871423975,179.07400000000004,14.525989883831869,173.79344121547837,15.754226634961299,1.08572,-0.24344,-0.019724,-0.234429,0.05272396294530324,-0.011821760250713461,-0.0009578228688180755,-0.01138417447344112,-0.05824449463705282,0.0010189466197245568
102,me_Bbenzoxanthene.log,26.2,30.88421979,-36.95588631,-190.5521365,0.02074,-0.37143,4.54262243232981,301.1959999999999,15.95829503805561,99.3040092124213,13.909512138553682,0.93148,-0.52944,0.631717,-0.213119,0.04236537275780392,-0.024079876060561375,0.02873161654833343,-0.009693032460997997,-0.1051741553864378,-0.028712002469411954
45,me_aniline.log,22.2,23.8943859,-40.30741722,-178.438056,0.09322,-0.35901,3.0756528543588924,133.00100000000003,26.90442209310214,163.5575101606958,148.74531410490914,0.9163,-0.80032,0.564573,-0.875341,0.06319813292427391,-0.05519887563238557,0.038939167848364174,-0.060373149483866476,-0.19259040096241203,-0.12978683932179033
71,me_benzopiperidine.log,11.2,17.26411524,-34.14589653,-192.1290692,0.09714,-0.32339,3.0201445178966186,201.12000000000003,68.19897708305274,123.01911742561668,59.04220860017354,0.96512,-0.55433,0.589712,-0.479715,0.06281927603164653,-0.03608111870298265,0.03838411897709542,-0.031224458100051092,-0.1364914678452443,-0.07217371652116515
58,me_benzopyrrolidine.log,13.3,18.76449165,-31.78143885,-188.387227,0.10003,-0.30437,3.081361438759822,187.093,66.35639036912923,130.77295388582127,63.12284540162042,0.96915,-0.51338,0.582559,-0.421494,0.05997620339765478,-0.03177070969435899,0.03605187749588235,-0.026084310865078786,-0.12377243386899324,-0.061083694744249496
84,me_biphenylene.log,18.5,22.83640404,-37.69321056,-186.1551739,0.02622,-0.32558,3.9557920441992396,235.137,33.559964281371606,97.92143867188199,27.03989355193796,0.94697,-0.55548,0.628794,-0.180098,0.055485585988034616,-0.03254710635461891,0.0368427759651945,-0.010552438900147903,-0.127328794019958,-0.027411907464251203
59,me_cinnoline.log,13.7,20.67212205,-37.76913927,-187.5068305,0.09952,-0.4587,2.770129283447616,170.022,30.16930643113635,63.16913958827918,60.77020408390802,1.00058,-0.21507,0.679626,-0.233958,0.5486820053481923,-0.11793663564156362,0.3726824007743214,-0.12829413400952686,-0.15935514969236855,-0.11774496227555424
106,me_dibenzofuran.log,36.0,59.18492079,-38.96642835,-186.5693305,0.09413,-0.46646,5.59986093076971,251.13600000000002,12.270652448962142,135.19082434444238,133.63903837109117,0.92267,-0.54725,0.60063,-0.403122,0.05652168893034136,-0.03352389724075706,0.03679389383228124,-0.024694783925972526,-0.12497309791913706,-0.05992773803600744
43,me_dimethylaniline.log,11.6,16.7282217,-34.69371276,-188.4932762,0.09643,-0.31515,3.0390184964269302,161.055,62.726641059766926,127.23956343880846,124.41577102961263,0.95464,-0.52222,0.545928,-0.221801,0.06332052911940325,-0.03463844665710086,0.03621097986790578,-0.014711887915038926,-0.1283942521040786,-0.03118540029404395
79,me_indenoPy.log,16.2,21.16973748,-32.32297998,-190.3638835,0.11207,-0.57873,2.8853937078038414,207.08300000000003,73.02982077784361,17.779018913307,165.4639990235533,1.059,-0.46884,0.60178,-0.512855,0.07102514208306591,-0.03144421871031598,0.04036025496010142,-0.03439622213693179,-0.12858156072147203,-0.07992643079256932
3,me_indole.log,35.3,50.06218041,-42.51938997,-170.8608727,0.08968,-0.29601,2.6511005314255813,185.07700000000003,17.32157886098622,173.07466232367534,17.290003222284984,0.86345,-0.40034,0.595616,-0.052384,0.5179783170184721,-0.24016149103616316,0.3573063562097102,-0.03142483775400503,-0.26773390467667346,-0.024165857297167914
67,me_mequinolinamine.out,10.2,17.17751886,-35.46052998,-195.9895107,0.10233,-0.41371,2.9449620020546954,198.07600000000002,44.75962044026102,95.82580595909724,87.01300170416336,0.97928,-0.45932,0.704466,-0.60493,0.49728869778419643,-0.23324753356163413,0.3577352542411177,-0.3071898251272301,-0.3205332544336557,-0.30367987510196703
17,me_metriazole.log,13.3,34.56582096,-35.92676991,-185.6456358,0.09305,-0.47414,2.586952535978579,122.966,87.2313743791096,151.42836319787244,91.6589392659747,0.87589,-0.24666,0.400853,-0.271265,0.0706279169589757,-0.019889577455046808,0.032323022750295465,-0.021873616428862694,-0.06134959640914775,-0.030877513163577248
76,me_naphthalene.log,29.7,33.13949073,-17.18179119,-173.608739,0.16038,-0.41147,1.7695048609701531,211.115,3.9117097035975785,14.179219567127372,14.171269828969425,0.71952,-0.5322,0.606242,-0.119021,0.0880684754323346,-0.06514070856277585,0.07420336986192098,-0.014568042604002525,-0.1339696875402905,-0.025244014417008007
97,me_naphtoxanthene.log,27.0,33.87618747,-38.56921452,-191.8435521,0.09534,-0.33289,4.666845569658482,325.218,17.195371320161712,102.20808857812258,14.687572904573248,0.93311,-0.5311,0.632836,-0.213609,0.04257891351628754,-0.024234721488892323,0.02887705556043054,-0.009747231448918847,-0.10586197960199466,-0.028876302953244126
66,me_phquinolinamine.out,12.0,18.13698165,-35.89602192,-194.0291694,0.10068,-0.41825,2.9444330575019024,260.14699999999993,45.09592213229222,94.34725116298375,85.6734479176272,0.98066,-0.45816,0.701349,-0.604322,0.5150641096986146,-0.24063566628547842,0.3683638552332242,-0.3174031498187814,-0.32561698082329427,-0.307166607100848
62,me_quinoline.log,12.6,17.79875376,-35.88974682,-192.119029,0.10071,-0.4198,2.9543059106121694,169.034,11.342061841352804,85.70790652873066,85.27172669806319,0.97036,-0.4656,0.636124,-0.615626,0.6060838589630622,-0.2908123219559769,0.3973210856785306,-0.3845180981882952,-0.3570637597523515,-0.30949857276023784
47,me_tetramethylbenzopiperidine.log,7.0,15.60811635,-36.99541944,-195.4699324,0.10122,-0.29589,3.0217610765077048,257.228,86.83869125470893,99.43969639610066,68.9596881510962,1.00826,-0.63698,0.66942,-0.903797,0.06660379806764986,-0.04207772528229981,0.04422065191760674,-0.05970316474138391,-0.16506749598709247,-0.1555008644155245
103,me_tribenzooxepine.log,19.4,21.88572639,-33.12180021,-187.7603445,0.0931,-0.41169,2.8259928354130697,327.23399999999987,25.685708928566957,10.199967461285201,9.946444729880117,1.00945,-0.52812,0.601526,-0.089721,0.04852107664928976,-0.02538506216258647,0.02891345698404148,-0.0043126053970488154,-0.1168800087112259,-0.01183235844433984
91,me_xanthene.log,22.7,24.86263383,-35.83264341,-192.0286675,0.0899,-0.32716,4.363344445625397,293.2169999999999,15.97041434362302,88.60371643976502,24.024667184878247,0.95763,-0.53217,0.612203,-0.036009,0.04284112393165909,-0.023807484020666667,0.027387889471229488,-0.0016109207435597384,-0.10779030179421056,-0.004662706411027837
54,mesityl_dimethylaniline.log,11.4,19.16233299,-34.95789447,-193.345811,0.10549,-0.30608,3.063410081039755,369.3589999999999,59.843681101579634,128.6505885671508,53.53449134497415,1.11615,-0.51562,0.551022,-0.33448,0.07383448881923446,-0.03410880179632995,0.03645068108959568,-0.022126201514364147,-0.14802009293952717,-0.047403176815502775
28,mesityl_metriazole.log,10.2,34.79674464,-42.31984179,-190.392749,0.10037,-0.47292,2.603032543243553,331.2699999999999,68.53498843723884,148.05681259619055,112.43793017778788,0.99978,-0.24253,0.437459,-0.394585,0.0863648950544586,-0.020950687148730565,0.037789414296773696,-0.03408579098908115,-0.07126664496973616,-0.050733442241686404
74,no2_benzopiperidine.log,-29.5,12.00683646,-90.00746424,-178.2968662,-0.01333,-0.35504,2.9207068950925215,263.06,71.02192941835558,129.1615202902978,113.98038818724001,0.9913,-0.55368,0.115199,-0.440318,0.06505679374618023,-0.03633677550830734,0.007560251773192995,-0.028897081921447177,-0.1406072509098594,-0.012994480553278447
40,no2_metriazole.log,-32.8,15.99654504,-99.60083712,-174.141495,-0.02666,-0.51839,2.5214623910750684,184.90599999999998,87.86821059414257,151.92268753106094,91.4360339153399,0.95057,-0.19261,-0.004277,-0.265406,0.07801986647377204,-0.015808837309733353,-0.0003510430256670451,-0.02178370943890291,-0.052453380717343866,0.00032520748768158716
13,no2_nmeimidazole.log,-31.1,17.64187626,-89.08063197,-173.35648,-0.01584,-0.4814,2.5308378784665364,183.91799999999998,83.07066699179182,148.99643054779506,83.2016876778205,0.93242,-0.45005,0.012641,-0.574701,0.07848327218477147,-0.03788142322854121,0.0010640130452882778,-0.04837349585793993,-0.12174611376322834,-0.0021076871356732543
65,no2_quinoline.log,-28.1,11.36050116,-91.32837279,-184.0643106,-0.01502,-0.44617,2.877733145424885,230.974,44.94461141919961,114.59624688636846,106.52508652762087,1.00718,-0.47648,0.131711,-0.522507,0.6152562618147921,-0.2910674394145159,0.08045832671408097,-0.3191839627395913,-0.3750820179963173,-0.0537884011013174
34,oh_metriazole.log,24.5,45.18893775,-25.52390913,-191.0384568,0.06175,-0.47018,2.590443911135696,126.90999999999995,87.64686725887024,153.74508167628892,87.93032932668166,1.07534,-0.25438,0.710178,-0.317606,0.09384392760133818,-0.02219950741461157,0.06197657746951024,-0.027717181979421034,-0.0808088546443941,-0.06663249881871634
33,perfluorophenyl_metriazole.log,-7.8,24.42714189,-69.18166236,-177.5344416,0.04273,-0.4936,2.5520131933800814,427.01203162999997,67.42004239018189,150.21121723214728,112.42949775774919,0.85735,-0.21919,0.722992,-0.260446,0.08015989463685146,-0.020493669219631975,0.06759778683534906,-0.02435099308169291,-0.05746168824769425,-0.05757721792331972
89,ph_biphenylene.log,8.1,18.47081697,-49.38560439,-196.1281904,0.09318,-0.31725,3.950544866538286,359.279,33.73153691430318,78.77085819303862,45.10064287243983,0.99164,-0.55154,0.491622,-0.156738,0.060418209740874265,-0.03360398874640171,0.029953330956020423,-0.009549664554036899,-0.13500130273527872,-0.0190200878254946
107,ph_dibenzofuran.log,25.2,55.27867104,-51.52980606,-187.7961126,0.08527,-0.3259,5.535068239675009,375.27799999999996,0.17996152582978917,116.43857199815504,116.43835035881499,0.91801,-0.5486,0.363585,-0.391928,0.0638648137082501,-0.038165419549183566,0.025294156155286015,-0.027265943406985814,-0.1328343313972483,-0.03758541655788548
51,ph_dimethylaniline.log,5.7,16.41823176,-44.41698021,-193.7160419,0.09368,-0.30416,3.023326232930214,285.1969999999999,65.73777051452103,120.05161471233347,56.72045374170839,0.94788,-0.54795,0.287763,-0.181967,0.06294101676766932,-0.03638491173760857,0.019108005030293737,-0.012082951426512304,-0.13383955635607697,-0.01349328783925435
24,ph_metriazole.log,5.1,31.18165953,-46.53796401,-189.2839388,0.08267,-0.47505,2.607349330285261,247.10799999999998,65.06699403266279,150.07806951072914,115.4965016951945,0.84867,-0.24986,0.058305,-0.342416,0.07807137661542696,-0.022985275974325214,0.005363629695361529,-0.03149974488923614,-0.06431497119399117,-0.006055309458256704
99,ph_naphtoxanthene.log,13.5,30.42425496,-48.36213558,-197.515615,0.03416,-0.35489,4.609591500799827,449.35999999999996,20.567430896588405,93.26259840789128,16.404704815975816,1.0057,-0.56068,0.456238,-0.192693,0.042207502042425085,-0.02353077681728835,0.019147525421926954,-0.008086994323417538,-0.11551652472238148,-0.018010177498983156
96,ph_xanthene.log,12.3,21.21617322,-46.52164875,-195.446087,0.09875,-0.31641,4.037404267994103,417.359,13.345750476191965,54.54232368748376,167.86072343817378,0.99008,-0.56928,0.385893,-0.057755,0.0858204038805155,-0.04934534534694152,0.03344931027256764,-0.005006219119787464,-0.1659420103877611,-0.006561703798370676
72,tbu_benzopiperidine.log,5.6,12.50821695,-38.51964123,-192.1642097,0.13193,-0.34167,2.8797741849516605,285.2819999999999,27.153362127738884,80.11534528238374,77.48652338342276,1.39923,-0.59882,0.179678,-0.521994,0.08661164109655563,-0.037066660178412016,0.011121978837608487,-0.03231116898762566,-0.2084630006194264,-0.023334795310961175
83,tbu_biphenylene.log,11.1,16.04047074,-42.94044918,-185.3557262,0.102,-0.3318,3.972185966724745,319.2989999999999,47.87341175582267,75.75024492116624,45.983189871898865,1.39082,-0.52397,0.273673,-0.20236,0.08165626034957317,-0.030762737619077853,0.016067581526472686,-0.011880732836987984,-0.17657801439960238,-0.01341886869519245
109,tbu_dibenzofuran.log,32.4,55.57360074,-43.62192504,-185.8062784,0.13166,-0.73826,5.495511676766232,335.29799999999994,85.47934532105164,77.74617648711072,119.0305193682907,1.33691,-0.51856,0.244701,-0.382968,0.07475172292346584,-0.028994661898850665,0.01368216360943894,-0.021413197466212282,-0.16393085465506316,-0.022159387319708432
53,tbu_dimethylaniline.log,7.0,12.34318182,-38.77692033,-185.3023879,0.13855,-0.32932,3.013642445191699,245.21700000000004,87.05308226737924,106.25983454915675,107.20643360660175,1.40122,-0.54384,0.173283,-0.039257,0.09031743831670912,-0.03505390706253057,0.011169178761246847,-0.0025303604544604347,-0.19346843409760772,-0.0017270531690496318
80,tbu_indenoPy.log,15.8,20.42551062,-32.94484239,-188.7122772,0.15076,-0.55563,2.839534937360518,291.24499999999995,82.977673523908,17.421102633625345,13.529417722446683,1.38753,-0.49473,0.009775,-0.348647,0.09189482093675605,-0.03276550760130687,0.000647389155302437,-0.02309056642749143,-0.17665866950610415,-0.0008770553976152609
5,tbu_indole.log,26.6,46.28519772,-47.91974103,-168.461902,0.13787,-0.30788,2.5848570649266085,269.239,81.02985660590227,152.95232250550447,80.93128517467203,1.32674,-0.45088,0.28848,-0.0528,0.7113662811023839,-0.24175108071170148,0.15467608180383172,-0.028310098167090663,-0.43802663638152395,-0.011153299341210045
26,tbu_metriazole.log,3.4,23.90819112,-45.95124216,-188.1751286,0.10663,-0.47055,2.6102861696086124,207.12800000000001,45.02541559406387,133.48747548899297,42.325905108676075,1.24101,-0.27596,0.109908,-0.165609,0.09704683486698837,-0.021580039282434557,0.00859479256940795,-0.012950604165548286,-0.09576889238667541,-0.0050899824761695385
78,tbu_naphthalene.log,15.7,22.37832174,-31.77390873,-181.6289443,0.16054,-0.41859,1.8907234277133182,295.27699999999993,20.005130533356976,21.02124164192576,159.29759749980704,1.07278,-0.55771,-0.092076,-0.136094,0.12604678136168027,-0.06552839392347239,-0.010818512127983437,-0.015990427359418066,-0.20508299254206674,0.004295324400159202
100,tbu_naphtoxanthene.log,22.8,30.2698875,-41.45074044,-191.0384568,0.11777,-0.34083,4.508684137043313,409.37999999999994,4.497317378083503,56.71328415247322,144.99558605115152,1.39611,-0.53776,0.25251,-0.114841,0.06172746459943562,-0.02377646558150325,0.011164451286792222,-0.0050775682160172095,-0.15786561055061604,-0.006097544072672847
9,tbu_nmeimidazole.log,1.6,21.82109286,-39.65480682,-197.1911923,0.11099,-0.43771,2.624530960900252,206.14000000000001,9.297360331244931,127.91682159826264,21.499837299134644,1.21484,-0.52018,0.126375,-0.488974,0.10871563929847303,-0.04655074022116468,0.011309257940423865,-0.043758125358344765,-0.18904239200972126,-0.01848559382447624
64,tbu_quinoline.log,11.0,16.91521968,-34.85812038,-188.2943555,0.15328,-0.41895,2.672042077282841,253.19600000000003,40.30526840697634,66.06484950668474,61.57846075548241,1.38442,-0.45273,0.159225,-0.486077,0.6645828888837878,-0.2173304425567077,0.07643504896095196,-0.2333384788431003,-0.4342579559323017,-0.053623724435576836
94,tbu_xanthene.log,20.2,23.80214193,-34.40945073,-189.8386576,0.14351,-0.33075,4.133583433131476,377.379,6.422362678449129,49.473666044415566,169.3462973586971,1.39494,-0.53473,0.256412,-0.000814,0.058951678517758045,-0.022598270215063557,0.010836249438753906,-3.440052354470805e-05,-0.1533417451518371,-4.2907486518771e-05
