labels,family,file_name,free_ener_reac,free_ener_barr,FEHA,FEPA,E$_{p}$(LA),E$_{p}$(LB),d,Mw,γ,λ,Φ,q$_{la}$(NPA),q$_{lb}$(NPA),q$_{la}$(ESP),q$_{lb}$(ESP),EF$_{la}$(NPA),EF$_{lb}$(NPA),EF$_{la}$(ESP),EF$_{lb}$(ESP),EP(NPA),EP(ESP)
52,II,4meborinane_dimethylaniline.log,6.7,11.44144995,-39.02227674,-189.2726436,0.15261,-0.31634,3.0745958388986674,257.228,85.6987277948718,120.2311713339254,101.90187382978084,1.35736,-0.52317,0.291064,-0.200568,0.5743530980704846,-0.22137407196140704,0.1231607754293537,-0.08486831214548901,-0.4619339050783152,-0.03797450293363519
35,I,4meborinane_metriazole.log,4.9,25.47194604,-46.47395799,-187.1127542,0.11135,-0.47118,2.587192332376161,219.139,115.13683267487932,251.4450659784598,90.07096172319267,1.2207,-0.26628,0.135545,-0.139366,0.7294768347401753,-0.15912598636406483,0.08100019461362913,-0.08328358200245702,-0.25127470573590127,-0.014602984272646228
88,V,bicyclo_biphenylene.log,16.1,20.58364314,-42.63736185,-187.7139088,0.12385,-0.33148,3.948278798059858,315.26699999999994,49.7011477758949,100.3331599521135,142.34125890672897,1.14902,-0.52079,0.338,-0.215286,0.2948301925152973,-0.13363093415261848,0.08672834682613922,-0.055240825073408904,-0.30311847587563795,-0.03685994415376987
112,VIII,bicyclo_dibenzofuran.log,33.9,57.30803838,-42.79549437,-183.6507815,0.11946,-0.33748,5.5646006368142,331.266,6.876479171248835,186.99709483723336,120.17048783672715,1.12812,-0.55026,0.429735,-0.403075,0.14572943725002643,-0.07108204813424064,0.05551274661972141,-0.0520688339179825,-0.22311010320963195,-0.06225619642101321
56,II,bicyclo_dimethylaniline.log,12.7,18.70989828,-37.54825575,-189.7137832,0.12039,-0.32266,3.0229223261304616,241.185,69.47361872026,124.58133711445771,119.3920357498313,1.19277,-0.52698,0.286314,-0.237729,0.5221108548841489,-0.23067479757778012,0.1253281414734611,-0.1040610439739043,-0.41586641453973816,-0.045032676041747884
39,I,bicyclo_metriazole.log,9.9,31.30465149,-39.09255786,-186.3503296,0.10527,-0.47346,2.5809146489725303,203.09599999999998,172.1364898558624,224.83372848908,45.374728834930096,1.05936,-0.24022,0.087955,-0.270689,0.6361452322521618,-0.14425200846890038,0.05281694032504427,-0.16254863009090906,-0.19720098787560372,-0.018449622892007075
101,VI,bicyclo_naphtoxanthene.log,24.0,32.81820561,-40.62242724,-193.3000028,0.11938,-0.34735,4.643864498325183,405.348,36.24883954508868,74.4064604271394,157.06723099730374,1.20883,-0.54146,0.520098,-0.162134,0.22421576358567769,-0.10043088552658443,0.0964686268618282,-0.030072879241250024,-0.281891554775579,-0.036316980894861225
95,VI,bicyclo_xanthene.log,19.1,23.40241806,-38.60247255,-192.7929747,0.12463,-0.33084,4.255981482099752,373.347,20.74673022360835,56.651929393022115,168.2431217314875,1.23734,-0.53562,0.44255,-0.09484,0.27324333966127473,-0.11828163446536276,0.0977288699687209,-0.020943635810266613,-0.3114412285802641,-0.01972350780966874
41,II,borole_dimethylaniline.log,2.3,13.52101809,-48.67902813,-188.2510573,0.08453,-0.31818,3.0118961732412024,183.061,57.95546283551027,132.42844933495797,126.97147656583437,0.82903,-0.51279,0.681215,-0.33491,0.3655529092132914,-0.22610988301446713,0.3003752880471543,-0.1476753854801677,-0.2822927944707443,-0.1514964012882853
30,I,ccl3_metriazole.log,-25.1,13.36163055,-86.32084299,-188.574225,0.00251,-0.49151,2.566410263588813,329.618,101.10427467854166,189.99415628278007,75.12900129069617,0.97045,-0.22286,0.564673,-0.282369,0.589360450504167,-0.1353442938836196,0.34292950040449216,-0.17148448765872645,-0.1685424112180462,-0.1242561663652591
73,II,cf3_benzopiperidine.log,-9.2,27.17689071,-66.5486304,-163.0282929,0.09391,-0.42398,1.7278106932864492,309.06241897799987,179.4636076414519,47.199131593861495,132.80141348056353,0.45343,-0.53128,-0.084321,-0.138242,0.6075442669552281,-0.711854350501673,-0.11298048239845575,-0.18522844662334795,-0.27884801423677963,0.013493033382989328
110,VIII,cf3_dibenzofuran.log,-11.5,34.49114727,-89.58703254,-184.5343156,0.00909,-0.33301,5.604062657961186,359.0784189779999,173.43140372960315,126.43856290220755,53.93297851182688,0.72414,-0.54613,0.141086,-0.378634,0.09223092498254556,-0.06955847634534429,0.017969580857413514,-0.04822515542552706,-0.1411385283632348,-0.019064724927053085
37,I,cf3_metriazole.log,-25.5,14.36752908,-87.97997943,-169.6824089,0.00842,-0.50602,2.536595242601586,230.90841897800001,90.34332949469388,207.04921753773354,89.72408031097548,0.65508,-0.1952,0.003836,-0.264506,0.40724145880459817,-0.12134935085586122,0.002384713677679732,-0.1644345870772563,-0.10082145850660205,-0.0008000054553121047
69,II,cl_benzopiperidine.log,-6.5,16.73073174,-62.54448909,-188.7863234,-0.03203,-0.32871,2.990221904141731,241.95,73.83048703052317,116.96942899632487,118.32316508891489,0.59413,-0.55016,0.410743,-0.539049,0.26578755163233525,-0.2461173133927685,0.18374829804945092,-0.24114674216056867,-0.21862361475398195,-0.14808974752029344
86,V,cl_biphenylene.log,-2.3,19.49491329,-66.46517157,-187.6643355,-0.08174,-0.3318,3.981183515924504,275.967,40.314969135194545,99.80642448589865,149.2224616728863,0.57897,-0.54241,0.441616,-0.173952,0.14611394201197758,-0.13688734008103484,0.11145008310544845,-0.04390005085041975,-0.15776168892685388,-0.038591532454971995
108,VIII,cl_dibenzofuran.log,12.1,52.5025668,-28.5403497,-185.1630806,-0.04591,-0.33162,5.619016435031401,291.966,160.99780446374135,150.23302769445291,34.95763508447738,0.57551,-0.54522,0.442235,-0.42097,0.07291086671906225,-0.06907345268121688,0.05602637164168215,-0.053332327088536496,-0.11168487076982415,-0.0662634359954349
46,II,cl_dimethylaniline.log,-4.1,18.08050575,-61.77641685,-185.4529903,-0.03174,-0.31633,3.0322916368492656,201.885,64.62255565902278,124.5231238714525,123.44906316407086,0.58505,-0.50434,0.393728,-0.286415,0.25451362626763524,-0.21940244811865509,0.17128303742091017,-0.12459878688564181,-0.19461460330154084,-0.07437912880779132
4,I,cl_indole.log,19.4,46.18730616,-66.24679809,-164.7401402,-0.03743,-0.3086,2.630933623640285,225.90699999999998,1.3742993424246768,179.48437109750017,178.62571456875773,0.53552,-0.39006,0.378976,-0.148664,0.30946811079774256,-0.225409193490005,0.21900393404109145,-0.08591045567604497,-0.1587914870394768,-0.04282896957776165
19,I,cl_metriazole.log,-3.7,30.34832625,-65.68203909,-178.3614997,-0.03909,-0.49088,2.5642234611948314,163.796,89.17932614660596,206.48875176283642,90.68155481605308,0.54523,-0.2252,0.264953,-0.35266,0.3316866533001204,-0.13699876074901807,0.16118220540290668,-0.21453811263653955,-0.09576840541251928,-0.07287845727490634
77,III,cl_naphthalene.log,20.4,41.38246209,-37.57774872,-163.4468421,0.06526,-0.46201,1.7025186973545985,251.945,176.9384022015915,15.57203066394808,164.43353243918924,0.57591,-0.56673,0.305433,-0.140371,0.7947505382583018,-0.782082222130415,0.4214947494432253,-0.19371069751498682,-0.38341484860887926,-0.05036530372279401
98,VI,cl_naphtoxanthene.log,0.2,28.31268381,-65.71153206,-191.5869005,-0.07823,-0.33254,4.716826455816347,366.048,23.644939377664542,109.87133077562906,153.06933058053247,0.57745,-0.53269,0.500231,-0.183402,0.10381845978678562,-0.09577115827140503,0.08993542637042784,-0.03297344040491135,-0.13042745726660956,-0.03890046272483513
6,I,cl_nmeimidazole.log,-6.3,29.12593677,-59.07435879,-189.3673976,-0.02848,-0.45552,2.573396103449292,162.808,88.33296220784602,209.2232639469059,91.4093118603794,0.55163,-0.47623,0.320239,-0.62755,0.3331920190553315,-0.2876493940407892,0.1934287094433956,-0.3790487311389398,-0.20416814539190617,-0.15618736981891912
63,II,cl_quinoline.log,-4.8,17.84330697,-63.96768177,-188.069707,-0.02638,-0.43149,2.8671232076508324,209.86399999999998,3.575355298816683,197.7558433329841,72.38771275296199,0.61899,-0.4653,0.478251,-0.608695,0.3011971873688494,-0.22641246430915785,0.23271435088828507,-0.29618769602979333,-0.200909431608267,-0.20306695691917553
93,VI,cl_xanthene.log,-0.8,19.15480287,-65.6889417,-193.6790188,-0.03186,-0.33868,4.391867450252114,334.047,170.18668835383198,59.44423109408892,120.79531153991934,0.60303,-0.53068,0.455274,-0.413489,0.12505482735533685,-0.11005106840609949,0.09441356395100349,-0.0857482969476326,-0.14573115606284046,-0.08572699113457694
31,I,cn_metriazole.log,-20.4,21.14840214,-85.82887515,-168.8854712,0.01607,-0.50896,2.5459848754482026,144.932,87.56535128840497,206.88010688437072,92.18352509330701,0.5377,-0.19852,0.232357,-0.293119,0.3318091737247613,-0.12250466276332458,0.14338512958743607,-0.18088073868891266,-0.08385297574182049,-0.05350247924863264
36,I,cooh_metriazole.log,-19.0,21.13208688,-71.65969935,-176.558036,0.04635,-0.49578,2.548863428213642,182.93,91.22134538354564,206.19130410964823,88.6339960299507,0.61722,-0.21332,0.132182,-0.292102,0.38002034650553834,-0.13134043018139635,0.08138402748095504,-0.17984625134467574,-0.10331300527331667,-0.030296347883228922
57,II,cyclo5_dimethylaniline.log,12.7,18.50721255,-34.0122369,-189.8016346,0.09514,-0.32342,3.022792711957768,187.093,61.3358752146041,133.04050685218203,122.25201510087022,0.99145,-0.53422,0.394953,-0.318284,0.4340243301961718,-0.23386401500569762,0.1728974847788276,-0.13933430824767598,-0.35043912664256804,-0.08317290177041836
85,V,cyclo_biphenylene.log,18.5,23.16961185,-38.66898861,-186.8956357,0.03806,-0.33288,3.8799552223068243,275.20199999999994,146.25879576614295,196.91006166798238,27.81628752953068,1.0298,-0.5634,0.476801,-0.229752,0.27362731680277175,-0.14970055378392075,0.1266904042327426,-0.06104721624594136,-0.2990701112550721,-0.05646765340083977
111,VIII,cyclo_dibenzofuran.log,35.5,58.86677322,-40.17124755,-185.9349179,0.05874,-0.37346,5.574281429657638,291.2009999999999,10.843459534974725,180.57386947967916,124.20222816078082,0.98155,-0.5474,0.498084,-0.397521,0.12635564129261312,-0.07046719784379443,0.06411871350169622,-0.051173165791127156,-0.1927783793409943,-0.07104013396616782
55,II,cyclo_dimethylaniline.log,11.2,16.10384925,-35.57787435,-188.608738,0.09945,-0.31392,3.0179650401815463,201.12000000000003,64.91270515569431,124.1109879479452,122.66179876057961,1.04576,-0.52392,0.349642,-0.233803,0.459265273439118,-0.23008937238010893,0.15355189406345632,-0.10267900734956979,-0.36308875146349695,-0.05417382072860756
32,I,cyclo_metriazole.log,11.9,32.81632308,-39.03168939,-186.2003547,0.09196,-0.47303,2.584998253754923,163.031,110.67846331865499,241.10518144549738,81.07005711414412,0.9296,-0.24756,0.178515,-0.280007,0.5564621101185118,-0.14819036142527836,0.10685976074419765,-0.16761325953953757,-0.17805178449595827,-0.038673488101890995
92,VI,cyclo_xanthene.log,22.0,25.22658963,-34.38748788,-191.209767,0.05966,-1.02391,4.194080900121145,333.28199999999987,172.23421245150394,175.55277124551907,6.184560699082463,1.05068,-0.53641,0.494561,-0.055347,0.23892238975497737,-0.12197848925311933,0.1124621159626255,-0.012585789684555461,-0.2687574571028044,-0.01305290399439331
44,II,ethy_dimethylaniline.log,-0.7,16.92588735,-52.81494654,-191.1727439,0.0758,-0.31244,3.039519614020117,181.04500000000002,58.32068446577047,132.48826040253005,126.34865198410974,0.62038,-0.5008,0.661661,-0.322908,0.2686011571560771,-0.2168275242653912,0.28647427422716254,-0.13980699322182294,-0.20443118877530878,-0.14058513009917095
18,I,ethy_metriazole.log,-1.6,30.27804513,-56.54486598,-184.34167,0.07039,-0.48209,2.5767078941482677,142.95600000000002,90.70200891013677,206.02117314175123,89.3473107668194,0.60339,-0.22762,0.484522,-0.340926,0.3635195094742275,-0.13713238659328736,0.291906063689275,-0.20539493907259068,-0.10660395934821242,-0.12821488050480195
70,II,f_benzopiperidine.log,13.6,20.90555577,-42.69634779,-169.9635334,0.04169,-0.32888,3.0184256932561717,209.04680632600002,51.98185018529025,140.53839679309095,127.19379069044496,1.26954,-0.55179,0.886538,-0.652219,0.5573723266152093,-0.2422550499417162,0.38922109401263016,-0.28634688272338427,-0.4641621479469346,-0.3831248382982322
87,V,f_biphenylene.log,11.2,23.63773431,-45.45613677,-191.1633313,0.0394,-0.32616,3.9966189891764765,243.06380632600002,33.84837293235596,120.06054868400108,145.86613653496715,1.27045,-0.5101,0.882448,-0.335558,0.3181501071749079,-0.12774085534253257,0.22098541916351144,-0.08403149566169289,-0.324302389972648,-0.14818149380059645
23,I,f_clmetriazole.log,12.1,35.48826066,-49.56318972,-174.1942058,0.03293,-0.49797,2.5527207410801913,165.33480632599998,90.54578558790044,205.68939014146278,89.54381509066557,1.25189,-0.22167,0.753455,-0.302275,0.7684569584363244,-0.13606934632961368,0.46249889177055564,-0.18554771354619015,-0.21742014458077566,-0.17843754427178482
25,I,f_cnmetriazole.log,11.2,35.43554982,-56.06607585,-167.5325597,0.02449,-0.50987,2.5616189468625112,155.902806326,91.13384019480165,205.62078503569532,88.98597533294763,1.25473,-0.22609,0.778651,-0.290133,0.7648587151114263,-0.1378200145844464,0.47465032587108563,-0.17685936702830368,-0.22148642056809867,-0.1763824794157609
105,VIII,f_dibenzofuran.log,29.7,59.06757642,-46.74629733,-186.9376789,0.03264,-0.33083,5.584725893830869,259.06280632600004,161.6125935613726,151.59098583240512,33.50586561073957,1.27019,-0.54533,0.892726,-0.393123,0.16290145232902847,-0.06993839425486667,0.11449181770592139,-0.05041789625484744,-0.24805969921107726,-0.12568248826166237
48,II,f_dimethylaniline.log,8.9,21.97232277,-42.78796425,-187.2062532,0.04341,-0.31649,3.038985659104202,168.98180632600003,48.58836966447853,140.39565890472807,132.86821999055132,1.26486,-0.50873,0.847438,-0.371556,0.5478291642506413,-0.2203383226042635,0.36703765736463717,-0.16092627875995072,-0.4234782917598075,-0.20722090121400183
21,I,f_dimetriazole.log,10.6,35.72483193,-45.37769802,-180.8702847,0.03942,-0.48521,2.545480371625953,144.91980632599999,89.49326847188891,205.95290618059806,90.4763496302152,1.24819,-0.23267,0.771088,-0.297686,0.7705506394236102,-0.14363519758585744,0.47601915690069047,-0.183771811701309,-0.22818197345948762,-0.1803526791458836
27,I,f_fmetriazole.log,12.5,35.97897348,-49.35297387,-173.3018866,0.03218,-0.49914,2.56737598806661,148.883209489,90.66874942925159,206.06988477092605,89.39581210820894,1.24525,-0.21989,0.806454,-0.270777,0.7556794142943161,-0.13344014969618723,0.48939625486874794,-0.16432090324382415,-0.21330574389783988,-0.17011080244810206
81,IV,f_indenoPy.log,8.8,22.84958175,-42.84381264,-193.6564285,0.05711,-0.43681,2.872288396007267,215.009806326,70.22081336959099,182.91187010493877,13.536606224595268,1.31018,-0.47559,0.963244,-0.551817,0.6352356594518866,-0.23058795530287657,0.4670250939207385,-0.2675463187438075,-0.4338760042801938,-0.3701121482695675
29,I,f_metriazolamine.log,10.3,37.31431476,-44.91271311,-182.0261581,0.0394,-0.48135,2.564711204668471,145.907806326,92.21867118786248,208.83738166442373,88.32075576078539,1.23123,-0.21755,0.749899,-0.283768,0.7487248404512558,-0.1322946070516237,0.4560220341687225,-0.1725625192085735,-0.20887660646737363,-0.16594253500717823
20,I,f_metriazole.log,10.0,35.79636807,-46.67601621,-177.2332368,0.03772,-0.49068,2.562845782996121,130.89280632600003,89.19309055666878,206.36256447823052,90.72475938328162,1.24851,-0.23588,0.746108,-0.315576,0.760338653152853,-0.14365017621460377,0.45437741934511444,-0.19218478891427762,-0.22982150604139237,-0.18374400814140315
7,I,f_nmeimidazole.log,10.4,34.0286724,-39.791604,-189.1283163,0.04863,-0.45481,2.5751133755349493,129.90480632599997,88.29165901876979,209.3456865338432,91.47903087929588,1.24252,-0.48535,0.791373,-0.601444,0.7494983308932062,-0.29276713042769337,0.4773627326835376,-0.3627959905077853,-0.4683732279358163,-0.36966647537460257
1,I,f_pyrazole.log,-2.2,28.98725706,-55.68768732,-177.0424737,0.01829,-0.50637,2.439278269346694,129.90480632600003,59.78091700342852,167.04302619111175,119.36872732716606,1.34744,-0.28154,0.866011,-0.550157,0.9058300696986873,-0.18926809195434932,0.5821845904009305,-0.3698485673983411,-0.3110413947988006,-0.39064178918349024
61,II,f_quinoline.log,8.0,23.22169518,-44.75081553,-190.0595412,0.04555,-0.42649,2.9693256015703295,176.960806326,39.420725090063485,239.314112384454,106.64256124694255,1.27403,-0.46096,0.938765,-0.63569,0.5779948919355501,-0.2091257861954673,0.42589371892959876,-0.2883963272878267,-0.39556245936075063,-0.4019522295125878
49,II,f_tetramethylbenzopiperidine.log,7.6,20.73863811,-42.71642811,-194.2977437,0.04032,-0.29862,2.996517644200514,265.15480632599997,90.25790559881925,126.96340849693468,90.239683186404,1.28466,-0.6395,0.882385,-1.019226,0.5722878354617283,-0.284883214841106,0.39308315172411157,-0.45404281396347324,-0.548329873238034,-0.6002632660953018
68,II,h_benzopiperidine.log,-2.6,9.26022519,-49.30151805,-192.7565791,0.06005,-0.32167,2.991019786945081,173.06600000000003,51.63196178252162,139.68189415931747,128.31755896982403,0.42384,-0.54471,0.526196,-0.580934,0.18950617247171236,-0.24354923368975662,0.23527130504417978,-0.2597456087171615,-0.15437536549084627,-0.20440195574648184
82,V,h_biphenylene.log,4.2,13.34657031,-53.00633709,-188.2830604,0.0544,-0.40019,3.9121799130956387,207.08300000000003,30.115002990035414,131.3035311519156,137.4263516487963,0.44587,-0.54931,0.498485,-0.343538,0.1165280840184548,-0.14356211862690335,0.13027900949142002,-0.0897836251094084,-0.12520939994612798,-0.08754635202576565
104,VIII,h_dibenzofuran.log,21.1,50.67965025,-54.13773762,-186.6201589,0.03131,-0.33078,5.570292619126755,223.08200000000005,160.3218875209117,151.74750654044638,34.00820122320531,0.45381,-0.54638,0.514849,-0.418273,0.05850298593382842,-0.0704366617186161,0.06637183800499245,-0.05392172811418923,-0.08902681591577541,-0.07731997239698322
42,II,h_dimethylaniline.log,-0.3,10.00821711,-48.9155994,-188.6790192,0.05974,-0.31053,3.0328821090471023,133.00100000000003,45.79095868784191,143.74736496527214,134.6239084257378,0.40638,-0.5001,0.44172,-0.319824,0.17671819170457262,-0.21747322129892407,0.19208612539924164,-0.13907849535834252,-0.13401815876308676,-0.09316066513669156
10,I,h_dimethylimidazole.log,-4.0,24.17174532,-43.50081561,-196.1407406,0.0598,-0.43835,2.5941318634926795,107.95099999999998,84.71487671631141,209.30913915121943,94.59831917933519,0.39392,-0.49719,0.365323,-0.710662,0.2341444814322449,-0.2955277587411095,0.21714653835873277,-0.4224146665911912,-0.15099701565386728,-0.20016035227789236
12,I,h_fnmeimidazole.log,4.1,27.37392885,-48.69095082,-183.6639592,0.05388,-0.46498,2.6004820807275335,111.91440316299997,84.18206851416399,209.16344838859555,95.07287198201264,0.40085,-0.51882,0.389959,-0.673631,0.2371014163278296,-0.3068802714711352,0.23065942674263218,-0.39845045324268974,-0.15994649495282562,-0.2020305950775927
2,I,h_indole.log,22.6,42.8075373,-54.11012718,-165.8238499,0.0468,-0.29986,2.6123910166192577,157.02299999999997,179.96585968765322,180.01118272241084,0.0359251193427435,0.36769,-0.39502,0.434679,-0.067215,0.2155090173209659,-0.23152756948007272,0.2547723466508747,-0.03939579156144774,-0.11119690955603119,-0.022367975390460634
16,I,h_meimidazolamine.log,-2.0,24.7666248,-43.09795419,-198.6099924,0.05953,-0.43972,2.601140679600009,108.939,86.59779626908183,209.10951302385703,92.79981417358346,0.38536,-0.54826,0.371938,-0.732392,0.22782372180968494,-0.32412973250824645,0.21988867407735777,-0.4329880404391706,-0.16244986305968598,-0.2094499677256126
15,I,h_meimidazolecarboxylic.log,0.3,26.73386865,-47.56080531,-190.1141345,0.05592,-0.45875,2.594817933302258,137.933,92.98516521060773,211.0059784669654,87.4456924536176,0.40547,-0.4869,0.425426,-0.673269,0.24088232639872428,-0.28925840314582796,0.2527378217636414,-0.39997682445592203,-0.15216739522741932,-0.22076781104212884
8,I,h_meimidazolol.log,2.6,26.45211666,-45.3011418,-189.0843906,0.05672,-0.45329,2.6035040525731854,109.92299999999996,83.81886728949635,209.32653131640149,95.38573049818835,0.38741,-0.56187,0.351266,-0.764857,0.22862004294916832,-0.33157312287201984,0.20729059138014652,-0.4513606778089674,-0.1672162226787093,-0.20638973747435535
14,I,h_menitroimidazole.log,2.2,26.19797511,-58.26424338,-176.1514095,0.04771,-0.47723,2.5803957046596553,138.921,85.55873911537695,209.11991470259193,93.87012409030609,0.43017,-0.40968,0.403758,-0.592982,0.25842081404412554,-0.24611162818791954,0.24255403918643337,-0.3562286797161905,-0.13659303903022452,-0.1855693883877231
38,I,h_metriazole.log,-2.4,24.76411476,-51.902547,-181.7393861,0.05099,-0.48216,2.5719473171074094,94.91199999999996,90.734314802303,206.4754206113409,89.34360228161988,0.42419,-0.23117,0.359963,-0.348324,0.2565052631067326,-0.1397871747857879,0.21766756411911825,-0.21062952749095812,-0.07625350771981215,-0.0975010266952243
75,III,h_naphthalene.log,23.4,34.61915931,-22.15794549,-164.5004314,0.1406,-0.41657,1.7004895182664317,183.06100000000004,176.3948210994048,5.542643575443383,174.45982120999062,0.12504,-0.50569,0.362866,0.036639,0.172966117751027,-0.6995140441899937,0.5019475630505771,0.050682226393793,-0.0743685590775784,0.015636729578378895
11,I,h_nmeimidazole.log,-3.5,23.75947125,-45.67451025,-193.2083863,0.05822,-0.4465,2.5919448946231474,93.92399999999996,94.03166316048367,208.61904292460184,86.45443801652412,0.40435,-0.48401,0.387226,-0.637846,0.24074978646358877,-0.2881793103653805,0.2305541654832438,-0.3797731873294281,-0.1510135835881302,-0.19058318385423154
60,II,h_quinoline.log,-2.1,8.28319212,-51.44007213,-192.180525,0.06013,-0.42057,2.9576137363714348,140.98000000000002,42.97852277058324,243.0448077925126,108.81486925627769,0.4658,-0.46304,0.569711,-0.603593,0.21299851044043333,-0.21173643253400226,0.2605143717937521,-0.27600774991900495,-0.14585003399707847,-0.23253447020088788
90,VI,h_xanthene.log,8.3,15.50645973,-49.61464554,-192.4629045,-0.04326,-0.32649,4.338613648161242,265.163,14.50304860065338,136.7791278078769,111.64698690218697,0.45577,-0.52521,0.499628,-0.365177,0.09685092445920859,-0.11160689390530518,0.10617073016149697,-0.07759995182052441,-0.11034629082561895,-0.08410643074122338
50,II,ipr_dimethylaniline.out,7.4,12.00809148,-38.33138823,-188.6520362,0.13039,-0.34477,2.664864074385033,217.163,177.49314181103276,70.71769377038531,109.30138164234444,1.27791,-0.57882,0.254459,-0.285242,0.7197971717166717,-0.32602687116701795,0.14332689197036766,-0.1606657627335312,-0.5551351555299833,-0.054473618204898294
22,I,ipr_metriazole.log,8.9,29.75281926,-41.04599649,-182.5607967,0.10519,-0.47294,2.5722151871423975,179.07400000000004,165.47401011616813,186.1658806374119,15.754226634961272,1.08572,-0.24344,-0.019724,-0.234429,0.6563919302174689,-0.14717611492110363,-0.011924505794872855,-0.14172834967482503,-0.20550977081636207,0.0035952494325615864
102,VI,me_Bbenzoxanthene.log,26.2,30.88421979,-36.95588631,-190.5521365,0.02074,-0.37143,4.54262243232981,301.1959999999999,15.958295038055583,99.30400921242133,166.09048786144635,0.93148,-0.52944,0.631717,-0.213119,0.18055945842231594,-0.10262743125682887,0.12245295593697143,-0.04131130160551547,-0.2171269034776759,-0.05927452581787688
45,II,me_aniline.log,22.2,23.8943859,-40.30741722,-178.438056,0.09322,-0.35901,3.0756528543588924,133.00100000000003,26.904422093102127,165.22568823967322,148.74531410490917,0.9163,-0.80032,0.564573,-0.875341,0.38745658543211337,-0.33841455249703045,0.23872915727072416,-0.370137111152168,-0.4768634502822397,-0.3213586954019314
71,II,me_benzopiperidine.log,11.2,17.26411524,-34.14589653,-192.1290692,0.09714,-0.32339,3.0201445178966186,201.12000000000003,68.19897708305274,123.01911742561671,120.95779139982649,0.96512,-0.55433,0.589712,-0.479715,0.42323917270350386,-0.24309326364051445,0.2586095190373515,-0.21037195347051285,-0.3542843505863736,-0.18733785115489868
58,II,me_benzopyrrolidine.log,13.3,18.76449165,-31.78143885,-188.387227,0.10003,-0.30437,3.081361438759822,187.093,66.35639036912924,130.77295388582127,116.87715459837959,0.96915,-0.51338,0.582559,-0.421494,0.40828714352216966,-0.21627865009690084,0.24542263843897402,-0.17756857170895463,-0.32293662193698985,-0.15937443758290576
84,V,me_biphenylene.log,18.5,22.83640404,-37.69321056,-186.1551739,0.02622,-0.32558,3.9557920441992396,235.137,33.55996428137165,97.92143867188199,152.96010644806202,0.94697,-0.55548,0.628794,-0.180098,0.24206349903368635,-0.14199122722286037,0.16073167662268895,-0.04603646583204203,-0.2659507323552855,-0.05725505312042953
59,II,me_cinnoline.log,13.7,20.67212205,-37.76913927,-187.5068305,0.09952,-0.4587,2.7701292834476154,170.022,30.16930643113635,184.43787118672887,60.77020408390802,1.00058,-0.21507,0.679626,-0.233958,0.5215689540843802,-0.1121088118440581,0.35426634750699687,-0.12195449575213718,-0.15536801252263244,-0.11479893061894113
106,VIII,me_dibenzofuran.log,36.0,59.18492079,-38.96642835,-186.5693305,0.09413,-0.46646,5.59986093076971,251.13600000000002,167.72934755103785,135.1908243444424,46.360961628908846,0.92267,-0.54725,0.60063,-0.403122,0.11769334547133256,-0.06980576295878997,0.07661477461112474,-0.05142117638277447,-0.1803370347022516,-0.0864761356945767
43,II,me_dimethylaniline.log,11.6,16.7282217,-34.69371276,-188.4932762,0.09643,-0.31515,3.0390184964269302,161.055,62.72664105976691,127.23956343880847,124.41577102961263,0.95464,-0.52222,0.545928,-0.221801,0.41345945921358673,-0.22617614890484294,0.23644420477829858,-0.09606314580683058,-0.32808757260683996,-0.07968847604604332
79,IV,me_indenoPy.log,16.2,21.16973748,-32.32297998,-190.3638835,0.11207,-0.57873,2.8853937078038414,207.08300000000003,73.02982077784364,184.6407101770911,14.536000976446736,1.059,-0.46884,0.60178,-0.512855,0.5087984629399624,-0.22525502489591312,0.28912628803400436,-0.2464021111530448,-0.3441482239717657,-0.21392289105316187
3,I,me_indole.log,35.3,50.06218041,-42.51938997,-170.8608727,0.08968,-0.29601,2.6511005314255813,185.07700000000003,17.321578860986207,173.07466232367534,162.709996777715,0.86345,-0.40034,0.595616,-0.052384,0.49141090710481783,-0.2278434681224654,0.3389799048539501,-0.02981303950174159,-0.2607774159466675,-0.023537959556156375
67,II,me_mequinolinamine.out,10.2,17.17751886,-35.46052998,-195.9895107,0.10233,-0.41371,2.9449620020546954,198.07600000000002,44.759620440260996,196.6353771894186,87.01300170416336,0.97928,-0.45932,0.704466,-0.60493,0.4516556891578451,-0.2118438966832585,0.3249081740853183,-0.2790009762705817,-0.3054727967873088,-0.28941128414062656
17,I,me_metriazole.log,13.3,34.56582096,-35.92676991,-185.6456358,0.09305,-0.47414,2.586952535978579,122.966,87.2313743791096,204.9700722878429,91.6589392659747,0.87589,-0.24666,0.400853,-0.271265,0.5235192291733105,-0.14742861896800827,0.2395897356652194,-0.16213502118039716,-0.16702821129903322,-0.08406601012791089
76,III,me_naphthalene.log,29.7,33.13949073,-17.18179119,-173.608739,0.16038,-0.41147,1.7695048609701531,211.115,176.08829029640253,14.17921956712732,165.82873017103057,0.71952,-0.5322,0.606242,-0.119021,0.9191774080282374,-0.6798785531362963,0.7744662416581257,-0.15204777390611637,-0.43280869405473654,-0.08155448529532701
97,VI,me_naphtoxanthene.log,27.0,33.87618747,-38.56921452,-191.8435521,0.09534,-0.33289,4.666845569658482,325.218,17.19537132016171,102.2080885781226,165.3124270954268,0.93311,-0.5311,0.632836,-0.213609,0.17137441102789183,-0.09754150067721207,0.11622627211930742,-0.039231298094819414,-0.21238102422843447,-0.05793183558627691
66,II,me_phquinolinamine.out,12.0,18.13698165,-35.89602192,-194.0291694,0.10068,-0.41825,2.9444330575019024,260.14699999999993,45.09592213229223,197.6771849418726,85.6734479176272,0.98066,-0.45816,0.701349,-0.604322,0.4524546778714464,-0.2113848175856891,0.3235868046728337,-0.27882070833992234,-0.3051855327158917,-0.28789286229355965
62,II,me_quinoline.log,12.6,17.79875376,-35.88974682,-192.119029,0.10071,-0.4198,2.9543059106121694,169.034,11.342061841352868,211.56522011681787,85.27172669806319,0.97036,-0.4656,0.636124,-0.615626,0.4447151763506689,-0.21338409055285815,0.2915350971195153,-0.28214088086489225,-0.30585838411458305,-0.2651143689739649
47,II,me_tetramethylbenzopiperidine.log,7.0,15.60811635,-36.99541944,-195.4699324,0.10122,-0.29589,3.0217610765077048,257.228,93.16130874529107,99.43969639610069,111.04031184890381,1.00826,-0.63698,0.66942,-0.903797,0.44168462721173357,-0.27903940832853635,0.2932502758693975,-0.39592291771971827,-0.42507758789602795,-0.40044184329704224
103,VII,me_tribenzooxepine.log,19.4,21.88572639,-33.12180021,-187.7603445,0.0931,-0.41169,2.8259928354130692,327.23399999999987,154.31429107143313,10.199967461285127,170.05355527011992,1.00945,-0.52812,0.601526,-0.089721,0.5055949072707053,-0.2645151145948833,0.3012813732140456,-0.04493781829237204,-0.37729093104517814,-0.038195082145784265
91,VI,me_xanthene.log,22.7,24.86263383,-35.83264341,-192.0286675,0.0899,-0.32716,4.363344445625397,293.2169999999999,15.970414343623064,88.60371643976501,155.97533281512176,0.95763,-0.53217,0.612203,-0.036009,0.2011957203162247,-0.11180761513390904,0.1286223526463809,-0.007565402809923389,-0.23359235717039803,-0.010104550810377439
54,II,mesityl_dimethylaniline.log,11.4,19.16233299,-34.95789447,-193.345811,0.10549,-0.30608,3.063410081039755,369.3589999999999,59.84368110157965,128.6505885671508,126.46550865502584,1.11615,-0.51562,0.551022,-0.33448,0.4757428615995125,-0.21977559852881837,0.23486519113406495,-0.14256728248694614,-0.3757311282364558,-0.12032723904691502
28,I,mesityl_metriazole.log,10.2,34.79674464,-42.31984179,-190.392749,0.10037,-0.47292,2.603032543243553,331.2699999999999,111.46501156276118,197.67995848413364,67.56206982221212,0.99978,-0.24253,0.437459,-0.394585,0.5902082021301699,-0.14317469369524308,0.25824870461067634,-0.2329385499185152,-0.1863031978062463,-0.13262589433469812
74,II,no2_benzopiperidine.log,-29.5,12.00683646,-90.00746424,-178.2968662,-0.01333,-0.35504,2.920706895092522,263.06,71.02192941835558,129.1615202902978,113.98038818724002,0.9913,-0.55368,0.115199,-0.440318,0.46482464431984066,-0.2596228276677185,0.05401728457681965,-0.20646691994111127,-0.3758425639506789,-0.034734189430119564
40,I,no2_metriazole.log,-32.8,15.99654504,-99.60083712,-174.141495,-0.02666,-0.51839,2.5214623910750684,184.90599999999998,87.86821059414257,206.04728522639948,91.4360339153399,0.95057,-0.19261,-0.004277,-0.265406,0.5980522181960636,-0.12118080493466425,-0.0026908795114768654,-0.16698049278069413,-0.14522468258742244,0.0009003834171930783
13,I,no2_nmeimidazole.log,-31.1,17.64187626,-89.08063197,-173.35648,-0.01584,-0.4814,2.5308378784665364,183.91799999999998,96.92933300820818,207.89039273427176,83.2016876778205,0.93242,-0.45005,0.012641,-0.574701,0.5822948110815126,-0.28105551117225575,0.007894284450013299,-0.3588998629623521,-0.33161793931601974,-0.005741019922937002
65,II,no2_quinoline.log,-28.1,11.36050116,-91.32837279,-184.0643106,-0.01502,-0.44617,2.8777331454248847,230.974,44.9446114191996,240.93676049280845,106.52508652762089,1.00718,-0.47648,0.131711,-0.522507,0.48648118309027666,-0.2301461050843494,0.06361814482615166,-0.25237775127876966,-0.3335271911246966,-0.047829257265505784
34,I,oh_metriazole.log,24.5,45.18893775,-25.52390913,-191.0384568,0.06175,-0.47018,2.5904439111356954,126.90999999999995,87.64686725887026,206.0630494821823,92.06967067331836,1.07534,-0.25438,0.710178,-0.317606,0.6409990790458606,-0.15163329340272474,0.42332977845019365,-0.18932165966060932,-0.21119545420311617,-0.17414528289795084
33,I,perfluorophenyl_metriazole.log,-7.8,24.42714189,-69.18166236,-177.5344416,0.04273,-0.4936,2.5520131933800814,427.01203162999997,67.42004239018189,209.78878276785272,112.42949775774919,0.85735,-0.21919,0.722992,-0.260446,0.5265653930402883,-0.13462164635271567,0.4440456833789982,-0.15996016837437563,-0.14727396158254263,-0.1475700634467337
89,V,ph_biphenylene.log,8.1,18.47081697,-49.38560439,-196.1281904,0.09318,-0.31725,3.950544866538286,359.279,33.7315369143032,78.77085819303865,134.89935712756017,0.99164,-0.55154,0.491622,-0.156738,0.25415580353807116,-0.1413588518851476,0.1260019608396128,-0.0401717078122607,-0.2768879453730916,-0.039010238657798686
107,VIII,ph_dibenzofuran.log,25.2,55.27867104,-51.52980606,-187.7961126,0.08527,-0.3259,5.535068239675009,375.27799999999996,179.82003847417022,116.43857199815506,63.56164964118503,0.91801,-0.5486,0.363585,-0.391928,0.11985645941332661,-0.07162585770759683,0.04747008289211921,-0.05117057812545209,-0.18197437292284221,-0.05148957003224473
51,II,ph_dimethylaniline.log,5.7,16.41823176,-44.41698021,-193.7160419,0.09368,-0.30416,3.0233262329302146,285.1969999999999,65.73777051452105,120.0516147123335,123.27954625829163,0.94788,-0.54795,0.287763,-0.181967,0.41480437321208663,-0.2397899062134056,0.12592875769995113,-0.0796310792297377,-0.3435890181765831,-0.034639576272421854
24,I,ph_metriazole.log,5.1,31.18165953,-46.53796401,-189.2839388,0.08267,-0.47505,2.607349330285261,247.10799999999998,114.93300596733721,196.6085379517252,64.5034983048055,0.84867,-0.24986,0.058305,-0.342416,0.4993446472820186,-0.14701386118265658,0.03430578394402783,-0.20147241771680355,-0.16265460384382058,-0.015314069847185184
99,VI,ph_naphtoxanthene.log,13.5,30.42425496,-48.36213558,-197.515615,0.03416,-0.35489,4.6095915007998265,449.35999999999996,20.567430896588423,93.26259840789126,163.59529518402422,1.0057,-0.56068,0.456238,-0.192693,0.18932307996762243,-0.10554804064457247,0.08588682843618188,-0.03627446778184455,-0.24465329559122967,-0.03814388711830354
96,VI,ph_xanthene.log,12.3,21.21617322,-46.52164875,-195.446087,0.09875,-0.31641,4.037404267994103,417.359,166.65424952380803,190.5546735319006,12.139276561826247,0.99008,-0.56928,0.385893,-0.057755,0.24295497885071807,-0.1396951866113211,0.09469399003478522,-0.01417245556270526,-0.27920550184588205,-0.011040385720933977
72,II,tbu_benzopiperidine.log,5.6,12.50821695,-38.51964123,-192.1642097,0.13193,-0.34167,2.8797741849516605,285.2819999999999,152.84663787226117,80.11534528238376,102.51347661657724,1.39923,-0.59882,0.179678,-0.521994,0.6748888153303929,-0.28882808430075535,0.08666385980927678,-0.2517726980336136,-0.5819115352713427,-0.06513763365343478
83,V,tbu_biphenylene.log,11.1,16.04047074,-42.94044918,-185.3557262,0.102,-0.3318,3.972185966724745,319.2989999999999,47.873411755822666,75.75024492116623,134.01681012810113,1.39082,-0.52397,0.273673,-0.20236,0.35259144687087146,-0.13283339354979834,0.06937976088889433,-0.0513009628771441,-0.3669253964969254,-0.02788412664659999
109,VIII,tbu_dibenzofuran.log,32.4,55.57360074,-43.62192504,-185.8062784,0.13166,-0.73826,5.495511676766232,335.29799999999994,85.47934532105165,77.74617648711072,119.0305193682907,1.33691,-0.51856,0.244701,-0.382968,0.17707036933848647,-0.06868196866218784,0.032410032423646304,-0.050723149056272655,-0.25230336695706757,-0.034105160021475595
53,II,tbu_dimethylaniline.log,7.0,12.34318182,-38.77692033,-185.3023879,0.13855,-0.32932,3.013642445191699,245.21700000000004,92.94691773262076,106.25983454915675,107.20643360660175,1.40122,-0.54384,0.173283,-0.039257,0.6171388271827961,-0.23952325814296957,0.0763189701765008,-0.01728994657421035,-0.5057265409941666,-0.004514517468290627
80,IV,tbu_indenoPy.log,15.8,20.42551062,-32.94484239,-188.7122772,0.15076,-0.55563,2.839534937360518,291.24499999999995,82.977673523908,185.48733629380578,13.529417722446683,1.38753,-0.49473,0.009775,-0.348647,0.6883478179289115,-0.24543347961050963,0.0048493365334480055,-0.17296231553729377,-0.4834965809845539,-0.0024004102785704197
5,I,tbu_indole.log,26.6,46.28519772,-47.91974103,-168.461902,0.13787,-0.30788,2.5848570649266085,269.239,81.02985660590227,152.95232250550447,99.06871482532797,1.32674,-0.45088,0.28848,-0.0528,0.7942783930674959,-0.26992797523725265,0.17270409487323155,-0.03160973450258814,-0.4628499883547601,-0.011785366554055455
26,I,tbu_metriazole.log,3.4,23.90819112,-45.95124216,-188.1751286,0.10663,-0.47055,2.6102861696086124,207.12800000000001,45.02541559406386,226.51252451100703,137.67409489132393,1.24101,-0.27596,0.109908,-0.165609,0.7285494383938855,-0.16200554630436229,0.06452277715328254,-0.09722270081866624,-0.2623996737119057,-0.013946175085262151
78,III,tbu_naphthalene.log,15.7,22.37832174,-31.77390873,-181.6289443,0.16054,-0.41859,1.8907234277133182,295.27699999999993,159.99486946664302,21.02124164192572,159.29759749980707,1.07278,-0.55771,-0.092076,-0.136094,1.2003686614474989,-0.6240399766735814,-0.10302685067902079,-0.15228003189007616,-0.6328795899288108,0.013255234436011882
100,VI,tbu_naphtoxanthene.log,22.8,30.2698875,-41.45074044,-191.0384568,0.11777,-0.34083,4.508684137043313,409.37999999999994,4.497317378083341,56.71328415247322,144.99558605115152,1.39611,-0.53776,0.25251,-0.114841,0.27471350297893055,-0.10581539661054623,0.04968656240354252,-0.022597340750802847,-0.33303380355774415,-0.01286339873390045
9,I,tbu_nmeimidazole.log,1.6,21.82109286,-39.65480682,-197.1911923,0.11099,-0.43771,2.6245309609002514,206.14000000000001,9.297360331244924,232.08317840173737,158.50016270086536,1.21484,-0.52018,0.126375,-0.488974,0.7054653273999266,-0.30207183991874964,0.0733867675991618,-0.28395031691420414,-0.48156069074013663,-0.047089624904865846
64,II,tbu_quinoline.log,11.0,16.91521968,-34.85812038,-188.2943555,0.15328,-0.41895,2.672042077282841,253.19600000000003,40.30526840697634,176.00766369183344,61.57846075548241,1.38442,-0.45273,0.159225,-0.486077,0.7756061970896475,-0.2536370419442049,0.08920406865806557,-0.2723193347847796,-0.4691306861734389,-0.0579299338008198
94,VI,tbu_xanthene.log,20.2,23.80214193,-34.40945073,-189.8386576,0.14351,-0.33075,4.133583433131476,377.379,6.422362678449073,49.47366604441558,169.34629735869717,1.39494,-0.53473,0.256412,-0.000814,0.32655933524864017,-0.12518178082032586,0.06002676263479025,-0.00019055966485468414,-0.36090538791177446,-0.00010098713204967562
