family,file_name,free_ener_barr,free_ener_reac,labels,E$_{p}$(LA),E$_{p}$(LA)$^2$,E$_{p}$(LB),E$_{p}$(LB)$^2$,EF$_{la}$(ESP),EF$_{la}$(ESP)$^2$,EF$_{la}$(NPA),EF$_{la}$(NPA)$^2$,EF$_{lb}$(ESP),EF$_{lb}$(ESP)$^2$,EF$_{lb}$(NPA),EF$_{lb}$(NPA)$^2$,EP(ESP),EP(ESP)$^2$,EP(NPA),EP(NPA)$^2$,FEHA,FEHA$^2$,FEPA,FEPA$^2$,Mw,Mw$^2$,d,d$^2$,q$_{la}$(ESP),q$_{la}$(ESP)$^2$,q$_{la}$(NPA),q$_{la}$(NPA)$^2$,q$_{lb}$(ESP),q$_{lb}$(ESP)$^2$,q$_{lb}$(NPA),q$_{lb}$(NPA)$^2$,Φ,Φ$^2$,γ,γ$^2$,λ,λ$^2$
intra_B_N,4meborinane_fmetriazole.log,27.7,8.2,1,0.11329,0.0128346241,-0.47946,0.2298818916,0.17963684324781098,0.032269395452038614,0.7387138755659698,0.5456981899536951,-0.09175824539879784,0.008419575598666006,-0.15252122664078804,0.023262724576010634,-0.035572474332880244,0.0012654009301634238,-0.2431532650893763,0.0591235103236245,-45.8157,2099.07836649,-182.5306762,33317.44775402924,237.12940316300003,56230.35384444061,2.5845673212284486,6.679988237961998,0.299993,0.089995800049,1.23365,1.5218923224999998,-0.153236,0.023481271696000002,-0.25471,0.0648771841,167.52954443876737,28066.148259860933,10.383931838771675,107.8260404322561,215.71935506421272,46534.840149319876
intra_B_N,4meborinane_fnmeimidazole.log,30.1,12.0,2,0.11216,0.012579865599999998,-0.4558,0.20775364,0.10462510365187229,0.01094641231416502,0.7100930654841335,0.5042321616486539,-0.3279663373367364,0.10756191842607399,-0.32060094911273024,0.10278496857198344,-0.07568217147401697,0.0057277910790225085,-0.5021211196563552,0.25212561880495177,-39.54750261,1564.004962687957,-187.8249781,35278.22239826548,236.14140316300004,55762.76228779052,2.6033914054334977,6.7776468098850025,0.177278,0.031427489284,1.20319,1.4476661761,-0.55571,0.3088136041,-0.54323,0.2950988329,163.04329901391532,26583.117353341,16.723863850367128,279.6876220856164,206.92898288708494,42819.603958683496
intra_B_N,BN_aniline_C5F5_C5F5_Me_Me.log,15.4,-4.2,10,0.04992,0.0024920064,-0.32631,0.1064782161,0.41318768607884826,0.17072406392719286,0.403630653710576,0.1629177046148269,-0.13622385351535923,0.01855693826657405,-0.227561442410931,0.05178421007214346,-0.19147367816403507,0.03666216942966448,-0.3124577979009937,0.09762987546913823,-64.24378617,4127.264061456684,-179.8919966,32361.13044073441,465.10103162999997,216318.96962329024,3.0079192873842207,9.047578439417999,0.934587,0.8734528605689998,0.91297,0.8335142208999999,-0.308124,0.094940399376,-0.51472,0.26493667839999996,125.3511742569102,15712.916887586265,60.92239336355078,3711.538013143216,128.31534917429173,16464.828833720407
intra_B_N,BN_aniline_C5F5_C5F5_Ph_Ph.log,16.3,0.7,11,0.06661,0.0044368921,-0.44888,0.2014932544,0.5348568261581796,0.2860718244880012,0.5273311220222688,0.278078112253265,-0.31808847505999377,0.10118027796599227,-0.29768913453247686,0.08861882081869511,-0.4190643897805876,0.17561496278217623,-0.38667105891201087,0.14951450780013578,-75.21830856,5657.793942627369,-174.7200592,30527.099086851507,589.2430316299999,347207.35032451304,2.7010238726908726,7.295529960845999,0.975516,0.9516314662560001,0.96179,0.9250400041000001,-0.580156,0.33658098433600003,-0.54295,0.29479470250000006,58.2098744251325,3388.3894805896944,32.086501939705585,1029.5436067267303,186.60199924123992,34820.30612082771
intra_B_N,BN_aniline_C5F5_C5F5_isopropyldimethylhydroquinoline19.log,20.1,-6.0,9,0.05801,0.0033651601,-0.33894,0.11488032360000001,0.43015100438871867,0.18502988657662348,0.3912452167274647,0.15307281961212083,-0.2753568475158837,0.07582139347388561,-0.24533174203498534,0.06018766364992059,-0.4568943199301361,0.20875241958442153,-0.3702556721530799,0.137089262761529,-68.55289734,4699.49973370858,-180.2076342,32474.79142396101,623.3450316300001,388559.02845780586,3.136627708217378,9.838433379957001,1.058003,1.119370348009,0.96231,0.9260405361,-0.67727,0.45869465290000005,-0.60342,0.36411569639999997,111.64237660159992,12464.020253253466,83.41558271592085,6958.159439836633,115.14945244457716,13259.396398285939
intra_B_N,BN_aniline_C5F5_C5F5_tetramethylpentane15.log,16.9,-12.8,12,0.05496,0.0030206016,-0.31116,0.0968205456,0.4329890197765383,0.1874794912470475,0.42707504316965916,0.18239309249836624,-0.44808058479849416,0.20077621047336053,-0.2857265634429018,0.0816396690568906,-0.6857837675322781,0.47029937581076564,-0.43132934191223815,0.18604500119444445,-68.02076886,4626.824996305546,-191.5994507,36710.34950854173,561.2740316300001,315028.5385821943,3.0465950082927002,9.281741144553997,1.004723,1.009468306729,0.991,0.982081,-1.039742,1.0810634265639998,-0.66301,0.4395822601,108.41721153264909,11754.291756515178,94.91715201515349,9009.265746667756,102.57093274879784,10520.79624495841
intra_B_N,BN_aniline_Cl_Cl_tetramethylpentane15.log,15.0,-9.8,13,-0.01997,0.0003988009000000001,-0.32668,0.10671982240000001,0.2064112790298331,0.042605616110731624,0.3534993003452291,0.12496175534456648,-0.3782326957361022,0.14305997212379884,-0.33724003603585273,0.11373084190546325,-0.19537602567127835,0.038171791407104014,-0.29833655025560274,0.08900469721841378,-63.42927819,4023.2733317044094,-193.3571062,37386.97051803808,298.058,88838.57136399999,2.7153318991788096,7.373027322698001,0.380469,0.144756659961,0.65159,0.4245695281,-0.69718,0.48605995240000005,-0.62162,0.3864114243999999,111.91919767441891,12525.906808085656,179.88634284737174,32359.09634300217,68.08084020294682,4635.00080273918
intra_B_N,BN_aniline_H_H_tetramethylpentane15.log,9.3,-8.9,14,0.05975,0.0035700625,-0.29866,0.08919779559999999,0.25834057996583726,0.06673985525708516,0.21153889225767003,0.04474870293760213,-0.34516574851393816,0.1191393939471872,-0.29536478168495756,0.08724035425980264,-0.29015334838670476,0.08418896558001647,-0.2033088104141696,0.04133447239202476,-53.34519249,2845.7095617951527,-200.5075827,40203.29072019734,229.174,52520.722276,2.9636875567395764,8.783443933973,0.56728,0.32180659840000003,0.46451,0.2157695401,-0.757936,0.5744669800960001,-0.64858,0.42065601640000005,90.2104345725508,8137.922505768468,89.81588261861356,8066.892770560569,128.73662661013196,16573.11903095654
intra_B_N,BN_aniline_Ph_Ph_tetramethylpentane15.log,16.9,1.4,16,0.10104,0.010209081600000001,-0.2958,0.08749764,0.1533512922498339,0.023516618834693966,0.4550077504828278,0.2070320529994433,-0.4965656522580597,0.24657744700247228,-0.2895110628018108,0.08381665548463405,-0.26365955679882946,0.06951636189135518,-0.45610345271406944,0.20803035957769536,-44.16848625,1950.855177616439,-200.2001028,40080.08116113057,381.3699999999999,145443.07689999993,3.025680940997249,9.154745156713998,0.350973,0.12318204672899999,1.04137,1.0844514768999998,-1.136483,1.2915936092889997,-0.6626,0.43903876,111.09865210100503,12342.910498660149,102.0979869932891,10423.99894808183,92.62685371084072,8579.734028369487
intra_B_N,BN_aniline_mesityl_mesityl_tetramethylpentane15.log,19.7,7.8,15,0.07749,0.0060047001000000004,-0.31272,0.09779379839999999,0.2551881488728341,0.06512099132514373,0.46561150727512113,0.21679407570701018,-0.47717057443369126,0.2276917571053789,-0.2644738337741334,0.06994640875118795,-0.4882770054348608,0.23841443403643509,-0.4937857269894745,0.24382434417852383,-39.93279375,1594.6280166800393,-202.3888577,40961.24972111084,465.5319999999999,216720.04302399993,3.1774156810195606,10.095970409988999,0.644093,0.414855792649,1.1752,1.3810950400000002,-1.204375,1.450519140625,-0.66753,0.44559630089999996,98.62496892878656,9726.884496204115,105.12205310285592,11050.646048559658,108.42853010128482,11756.746139925228
intra_B_N,BN_aniline_pseudocumyl_pseudocumyl_Me_Me.log,15.0,9.4,17,0.11659,0.0135932281,-0.33695,0.11353530250000002,0.21591507119648942,0.04661931796978509,0.4902653883543994,0.24036015101829009,-0.20622705432568247,0.04252959793584799,-0.2708104740688391,0.07333831286538939,-0.13393187264495662,0.01793774651018488,-0.3993484806288331,0.15947920898055748,-38.28871755,1466.025891623678,-196.5837626,38645.17571797316,369.359,136426.070881,2.887011035536061,8.334832719306998,0.449904,0.20241360921600002,1.02157,1.0436052649000003,-0.429717,0.184656700089,-0.56429,0.31842320409999997,94.09814538087466,8854.460964120222,166.3028876540269,27656.650442067894,86.66798886896282,7511.340294590664
intra_B_N,BN_benzyl_C5F5_C5F5_tetramethylpentane15.log,12.3,-15.1,18,0.05651,0.0031933800999999996,-2.04984,4.201844025600001,0.44267855654957294,0.19596430442881346,0.3954267137342866,0.15636228593469745,-0.3770104037379204,0.14213684452662972,-0.23679583830861684,0.056072269040280606,-0.6696460982585205,0.4484258969128601,-0.37570207489013946,0.14115204907675596,-67.07197374,4498.649661379251,-197.1146361,38854.179764835426,575.3010316299999,330971.27699454216,3.1780776434336846,10.100177507693003,1.117783,1.249438835089,0.99847,0.9969423408999999,-0.951968,0.9062430730240001,-0.59792,0.3575083264,142.65274283340707,20349.805037894173,81.26951872018672,6604.73467301078,58.28142338192224,3396.7243114228722
intra_B_N,BN_cyclohexanetrans_C5F5_C5F5_butane14.log,13.4,-9.7,19,0.0637,0.004057690000000001,-0.34074,0.11610374759999999,0.5124713563105732,0.26262689103879844,0.5981658201963331,0.35780234845115194,-0.27488429805365083,0.07556137731644835,-0.3091461418546772,0.0955713370236322,-0.3564125355455541,0.12702989549401084,-0.46786317705155406,0.2188959524407738,-62.0493837,3850.1260175498255,-187.725204,35240.75221684161,497.18703163,247194.9444210506,2.7252591687922085,7.427037537085999,0.951536,0.9054207592960001,1.11065,1.2335434224999997,-0.510394,0.260502035236,-0.57401,0.3294874801,101.9899647076538,10401.952901068467,141.9492866985954,20149.59999424003,83.45012869684233,6963.923979519547
intra_B_N,BN_cyclohexanetrans_C5F5_C5F5_pentane15.log,16.9,-8.4,20,0.10652,0.0113465104,-0.40931,0.1675346761,1.4198726741494612,2.016038410796342,0.9367099827956952,0.8774255918691115,-0.4959855453368376,0.24600166118308017,-0.6846470275521397,0.4687415523359803,-0.5049215326469622,0.25494575413055726,-0.45980887166796847,0.2114241984645703,-59.16974031,3501.058168352839,-188.1079851,35384.61405838183,511.2140316299998,261339.78613539843,1.7900499614421383,3.204278864459001,1.137417,1.2937174318889997,0.75037,0.5630551369,-0.397319,0.15786238776099998,-0.54845,0.3007974025,129.13286041602348,16675.2956392242,161.27788405218365,26010.555884349593,51.59576459962078,2662.1229246194807
intra_B_N,BN_dimethylphenylethyl_C5F5_C5F5_pentane15.log,22.8,-6.4,21,0.09835,0.009672722500000001,-0.42073,0.1770137329,1.0626887247732015,1.1293073257600932,1.0248911635825257,1.0504018971895435,-0.4126979411819715,0.17031959065583802,-0.7389777098206575,0.5460880556117839,-0.29634261731211103,0.08781894683539229,-0.5117582171470613,0.2618964728175387,-59.15154252,3498.9049824953677,-188.7034921,35609.00793073476,561.2740316300001,315028.5385821943,1.755019345672577,3.0800929036849998,0.818295,0.669606707025,0.78919,0.6228208560999999,-0.317787,0.100988577369,-0.56903,0.32379514090000006,131.18449287080423,17209.371169770086,151.1903845513499,22858.532380785062,50.506814634781676,2550.9383245521967
intra_B_N,BN_methylethyl_C5F5_C5F5_pentane15.log,18.9,-9.9,22,0.11005,0.012111002499999999,-0.41692,0.1738222864,1.224224822487254,1.4987264159939486,0.9585972087706299,0.9189086086628426,-0.46726150250644494,0.21833331172458045,-0.7332581597901319,0.5376675288988105,-0.3821011859188665,0.14600131628060417,-0.4695158610488205,0.2204451437764153,-62.26963971,3877.5080296132087,-187.5444811,35172.932391068265,471.14903162999997,221981.41000588672,1.7482990844363557,3.0565496886409997,0.935476,0.875115346576,0.7325,0.5365562500000001,-0.357052,0.12748613070399997,-0.56031,0.3139472961,132.45129503533917,17543.345556538465,153.32124057727003,23507.402812153116,48.94978282734824,2396.0812388445565
intra_B_N,BN_phenylethyl_C5F5_C5F5_ethyl_ethyl.log,20.4,-3.7,23,0.12742,0.016235856400000002,-0.41267,0.1702965289,1.3539197912884895,1.833098801242667,0.9451696900098364,0.8933457429132903,-0.47081823555983376,0.22166981093567512,-0.7450032870051055,0.5550298976484117,-0.40844396097826513,0.16682646925961456,-0.45118457333326445,0.20356751921391988,-56.77767219,3223.704059315099,-181.8316301,33062.74170482323,521.20903163,271658.8546526824,1.7242176430207412,2.9729264805040003,1.006276,1.0125913881759998,0.70248,0.4934781504,-0.349927,0.12244890532899999,-0.55371,0.30659476410000003,136.33105741945735,18586.15721710738,177.3930848457106,31468.30655107748,43.680821723040296,1908.014186400029
intra_B_N,BN_phenylethyl_C5F5_C5F5_pentane15.log,17.0,-10.6,24,0.10888,0.011854854400000002,-0.62998,0.3968748004,1.4192738110736502,2.0143381507995235,0.9598189405899865,0.9212523987152841,-0.41884805231220307,0.175433690925726,-0.7253751401158354,0.5261690938980678,-0.3969245295591947,0.15754908216578803,-0.4648761146146856,0.21610980193924628,-64.66359036,4181.379918245885,-189.4119508,35876.88710586162,533.2200316300001,284323.60213149834,1.748068359832933,3.0557429906490006,1.084234,1.175563366756,0.73324,0.5376408976,-0.319973,0.10238272072900001,-0.55414,0.3070711396,131.87325669489886,17390.555831318685,154.24319982604382,23790.964692576883,49.44883710709278,2445.1874912437956
intra_B_N,BN_quinoline_mesityl_mesityl.log,20.0,12.2,25,0.12684,0.0160883856,-0.42491,0.1805485081,0.3860370884720293,0.14902463367596136,0.5375059654062311,0.2889126628472845,-0.3270847601754854,0.10698444033905478,-0.21661013387031464,0.046919950095315625,-0.3872846190491979,0.14998937615208235,-0.3571107860447156,0.12752811350947463,-37.62230193,1415.4376025120816,-198.4336621,39375.918254416974,377.338,142383.966244,2.9058752441884015,8.444110934787002,0.814935,0.664119054225,1.13469,1.2875213961,-0.690485,0.47676953522500004,-0.45727,0.20909585290000002,88.27632104927052,7792.708857993882,105.99011614977968,11233.904721443787,124.70942894449155,15552.441667661187
intra_B_N,bicyclo_aniline.log,23.2,21.3,3,0.10531,0.0110901961,-0.3595,0.12924025,0.1410181414814652,0.019886116226886533,0.4840489573398474,0.23430339310179338,-0.3731288799042712,0.13922516101861604,-0.34174806258859974,0.11679173828306148,-0.18800378738820311,0.03534542407230868,-0.5910552746444777,0.34934633768505896,-41.611383,1731.5071951726886,-178.9946573,32039.087341944443,213.131,45424.823161,3.057554766069939,9.348641147517,0.329582,0.108624294724,1.1313,1.27983969,-0.872062,0.760492131844,-0.79872,0.6379536384,138.65743558466104,19225.884442914426,34.71127751471727,1204.8727867037164,157.4487493366244,24790.10866766718
intra_B_N,ccl3_aniline.log,29.0,0.8,4,0.08045,0.006472202499999999,-0.42422,0.1799626084,0.6385323620851866,0.40772357743008786,0.997124300853555,0.9942568713526908,-0.36229179101059517,0.13125534183366477,-1.0919789096743076,1.1924179391734895,-0.1378531750145707,0.01900349786159786,-0.6488419450424547,0.42099586964647584,-72.32297742,5230.61306289383,-162.8632578,26524.440741229264,339.65299999999996,115364.16040899997,1.6830167999212011,2.8325455488170004,0.452168,0.204455900224,0.7061,0.49857720999999994,-0.256552,0.065818928704,-0.77327,0.5979464929,144.41505766490212,20855.708880357004,169.99194831413666,28897.262491636113,35.72563792543037,1276.3212051789487
intra_B_N,cf3_dimetriazole.log,11.3,-28.6,5,0.01052,0.0001106704,-0.49903,0.24903094089999997,-0.015054587323249635,0.0002266405994733486,0.4147308654781922,0.17200169078029037,-0.14428521127126104,0.020818222191592434,-0.12333276126911706,0.015210970002265022,0.004311446276056083,1.858856899131787e-05,-0.1015259628534963,0.01030752113332951,-87.71517021,7693.951084969271,-173.0872782,29959.20587468419,244.93541897800003,59993.359469928415,2.5134722629346835,6.317542816541999,-0.023777,0.000565345729,0.65502,0.42905120040000005,-0.227882,0.051930205924,-0.19479,0.0379431441,98.7552419535099,9752.597813296281,83.01314633617531,6891.182464631256,211.05869008831152,44545.770661793926
intra_B_N,cf3_fnmeimidazole.log,17.3,-19.4,6,0.01333,0.0001776889,-0.48544,0.23565199359999997,0.04670113521621546,0.0021809960304832398,0.38209015516846345,0.14599288667666047,-0.3835102133404782,0.1470800837364591,-0.30336100093865687,0.09202789689050377,-0.037255483205893905,0.0013879710289046428,-0.24110789160695922,0.0581330153951532,-83.25169158,6930.8441509314425,-172.3342662,29699.099306692464,247.910822141,61459.77573462654,2.5530457966239073,6.518042839659001,0.0761,0.00579121,0.62262,0.38765566439999993,-0.624934,0.39054250435599996,-0.49433,0.2443621489,83.10218615505613,6905.973343749603,97.99782076093727,9603.572873892788,209.92900484531322,44070.18707534354
intra_B_N,cyclo5_benzopiperidine.log,18.4,11.7,7,0.1168,0.01364224,-0.30483,0.09292132889999999,0.3662058405402128,0.1341067176457638,0.7348682689944579,0.540031372774911,-0.4156430589642824,0.17275915246518592,-0.4099189079666995,0.16803351110861145,-0.25068501284898737,0.06284297566709696,-0.49612375039902734,0.24613877570999637,-34.58515353,1196.1328446936714,-192.6655902,37120.02964711434,227.15800000000004,51600.75696400002,2.361878318983008,5.5784691936819994,0.510717,0.260831854089,1.02486,1.0503380196000003,-0.579663,0.33600919356900005,-0.57168,0.32681802239999996,123.75534008745987,15315.384200162853,169.54090740786378,28744.11928468184,56.4940934456279,3191.582594243337
intra_B_N,oh_clmetriazole.log,45.5,29.6,8,0.057,0.003249,-0.47837,0.22883785690000003,0.43500273878665696,0.18922738275189252,0.6491634018567412,0.4214131223102168,-0.17542594140365694,0.03077426091735928,-0.14315333263589816,0.020492876644764107,-0.16318516846681946,0.02662939920754425,-0.19872402160143585,0.03949123676144794,-26.48964702,701.7013992441948,-185.4918959,34407.24344457644,161.35199999999998,26034.467903999994,2.5766867330562326,6.639314520308001,0.72203,0.5213273208999999,1.0775,1.1610062499999998,-0.291177,0.08478404532900001,-0.23761,0.0564585121,93.2270905239085,8691.29040755303,86.68362560608493,7514.050948215903,206.04225226605394,42453.409718868206
